sme_id,eligible_for_funding,default_risk_probability,business_health_score,compliance_risk,reasons
1,False,0.797,58.6,HIGH,FUNDING_POLICY_VIOLATION
2,True,0.498,46.1,MEDIUM,POOR_BUSINESS_HEALTH
3,True,0.471,49.4,MEDIUM,POOR_BUSINESS_HEALTH
4,True,0.44,46.9,MEDIUM,POOR_BUSINESS_HEALTH
5,False,0.585,49.7,HIGH,FUNDING_POLICY_VIOLATION
6,True,0.741,59.0,HIGH,HIGH_DEFAULT_RISK
7,True,0.75,52.0,HIGH,HIGH_DEFAULT_RISK
8,False,0.82,49.7,HIGH,FUNDING_POLICY_VIOLATION
9,True,0.82,54.3,HIGH,HIGH_DEFAULT_RISK
10,True,0.561,51.3,LOW,ALL_OK
11,False,0.327,34.8,HIGH,FUNDING_POLICY_VIOLATION
12,False,0.83,51.8,HIGH,FUNDING_POLICY_VIOLATION
13,False,0.592,53.5,HIGH,FUNDING_POLICY_VIOLATION
14,True,0.737,39.7,HIGH,HIGH_DEFAULT_RISK|POOR_BUSINESS_HEALTH
15,True,0.465,54.9,LOW,ALL_OK
16,True,0.728,52.6,HIGH,HIGH_DEFAULT_RISK
17,False,0.751,45.0,HIGH,FUNDING_POLICY_VIOLATION
18,False,0.278,42.0,HIGH,FUNDING_POLICY_VIOLATION
19,False,0.79,55.1,HIGH,FUNDING_POLICY_VIOLATION
20,False,0.856,41.6,HIGH,FUNDING_POLICY_VIOLATION
21,True,0.446,35.3,MEDIUM,POOR_BUSINESS_HEALTH
22,True,0.854,54.0,HIGH,HIGH_DEFAULT_RISK
23,True,0.493,74.7,LOW,ALL_OK
24,False,0.258,45.2,HIGH,FUNDING_POLICY_VIOLATION
26,True,0.509,49.4,MEDIUM,POOR_BUSINESS_HEALTH
27,True,0.782,54.0,HIGH,HIGH_DEFAULT_RISK
28,True,0.673,60.7,HIGH,HIGH_DEFAULT_RISK
29,False,0.601,52.8,HIGH,FUNDING_POLICY_VIOLATION
30,False,0.63,42.7,HIGH,FUNDING_POLICY_VIOLATION
31,True,0.516,48.8,MEDIUM,POOR_BUSINESS_HEALTH
32,True,0.829,56.6,HIGH,HIGH_DEFAULT_RISK
33,True,0.789,62.0,HIGH,HIGH_DEFAULT_RISK
34,True,0.85,60.7,HIGH,HIGH_DEFAULT_RISK
35,False,0.832,61.3,HIGH,FUNDING_POLICY_VIOLATION
36,True,0.434,46.0,MEDIUM,POOR_BUSINESS_HEALTH
37,True,0.323,52.5,LOW,ALL_OK
38,True,0.818,46.6,HIGH,HIGH_DEFAULT_RISK|POOR_BUSINESS_HEALTH
39,True,0.669,47.1,HIGH,HIGH_DEFAULT_RISK|POOR_BUSINESS_HEALTH
40,False,0.737,48.6,HIGH,FUNDING_POLICY_VIOLATION
41,True,0.783,56.1,HIGH,HIGH_DEFAULT_RISK
42,True,0.385,49.3,MEDIUM,POOR_BUSINESS_HEALTH
43,False,0.774,54.6,HIGH,FUNDING_POLICY_VIOLATION
44,True,0.261,46.4,MEDIUM,POOR_BUSINESS_HEALTH
45,True,0.287,47.3,MEDIUM,POOR_BUSINESS_HEALTH
46,True,0.4,56.3,LOW,ALL_OK
47,True,0.671,48.0,HIGH,HIGH_DEFAULT_RISK|POOR_BUSINESS_HEALTH
48,False,0.266,35.0,HIGH,FUNDING_POLICY_VIOLATION
49,True,0.72,58.3,HIGH,HIGH_DEFAULT_RISK
50,True,0.566,57.8,LOW,ALL_OK
51,True,0.839,51.2,HIGH,HIGH_DEFAULT_RISK
52,False,0.399,46.5,HIGH,FUNDING_POLICY_VIOLATION
53,True,0.318,46.4,MEDIUM,POOR_BUSINESS_HEALTH
54,True,0.704,45.8,HIGH,HIGH_DEFAULT_RISK|POOR_BUSINESS_HEALTH
55,True,0.379,50.2,LOW,ALL_OK
56,False,0.771,49.5,HIGH,FUNDING_POLICY_VIOLATION
57,False,0.331,43.6,HIGH,FUNDING_POLICY_VIOLATION
58,True,0.634,49.2,HIGH,HIGH_DEFAULT_RISK|POOR_BUSINESS_HEALTH
59,True,0.328,48.6,MEDIUM,POOR_BUSINESS_HEALTH
60,True,0.69,50.5,HIGH,HIGH_DEFAULT_RISK
61,True,0.332,49.8,MEDIUM,POOR_BUSINESS_HEALTH
62,True,0.695,45.0,HIGH,HIGH_DEFAULT_RISK|POOR_BUSINESS_HEALTH
63,True,0.816,58.3,HIGH,HIGH_DEFAULT_RISK
64,True,0.411,45.8,MEDIUM,POOR_BUSINESS_HEALTH
65,True,0.801,54.8,HIGH,HIGH_DEFAULT_RISK
66,True,0.637,53.5,HIGH,HIGH_DEFAULT_RISK
68,True,0.801,48.3,HIGH,HIGH_DEFAULT_RISK|POOR_BUSINESS_HEALTH
69,True,0.864,65.6,HIGH,HIGH_DEFAULT_RISK
70,False,0.424,48.2,HIGH,FUNDING_POLICY_VIOLATION
71,False,0.754,51.5,HIGH,FUNDING_POLICY_VIOLATION
72,True,0.849,59.0,HIGH,HIGH_DEFAULT_RISK
73,True,0.822,58.3,HIGH,HIGH_DEFAULT_RISK
74,True,0.822,52.5,HIGH,HIGH_DEFAULT_RISK
75,False,0.824,49.0,HIGH,FUNDING_POLICY_VIOLATION
76,True,0.745,50.7,HIGH,HIGH_DEFAULT_RISK
77,True,0.805,61.4,HIGH,HIGH_DEFAULT_RISK
78,True,0.813,57.5,HIGH,HIGH_DEFAULT_RISK
79,True,0.791,51.7,HIGH,HIGH_DEFAULT_RISK
80,False,0.887,56.3,HIGH,FUNDING_POLICY_VIOLATION
81,True,0.348,46.0,MEDIUM,POOR_BUSINESS_HEALTH
82,True,0.786,55.0,HIGH,HIGH_DEFAULT_RISK
83,True,0.248,43.1,MEDIUM,POOR_BUSINESS_HEALTH
85,False,0.491,34.5,HIGH,FUNDING_POLICY_VIOLATION
86,True,0.214,48.8,MEDIUM,POOR_BUSINESS_HEALTH
87,False,0.473,47.1,HIGH,FUNDING_POLICY_VIOLATION
88,True,0.693,49.6,HIGH,HIGH_DEFAULT_RISK|POOR_BUSINESS_HEALTH
89,False,0.598,49.1,HIGH,FUNDING_POLICY_VIOLATION
90,True,0.79,53.2,HIGH,HIGH_DEFAULT_RISK
91,True,0.83,56.4,HIGH,HIGH_DEFAULT_RISK
92,False,0.318,52.0,HIGH,FUNDING_POLICY_VIOLATION
93,True,0.837,50.6,HIGH,HIGH_DEFAULT_RISK
94,False,0.32,55.6,HIGH,FUNDING_POLICY_VIOLATION
95,True,0.323,48.9,MEDIUM,POOR_BUSINESS_HEALTH
96,True,0.437,50.7,LOW,ALL_OK
97,True,0.581,50.3,LOW,ALL_OK
98,False,0.497,51.8,HIGH,FUNDING_POLICY_VIOLATION
99,False,0.753,44.9,HIGH,FUNDING_POLICY_VIOLATION
100,True,0.764,53.2,HIGH,HIGH_DEFAULT_RISK
101,True,0.48,56.6,LOW,ALL_OK
102,False,0.365,55.6,HIGH,FUNDING_POLICY_VIOLATION
103,False,0.188,41.5,HIGH,FUNDING_POLICY_VIOLATION
104,True,0.482,48.3,MEDIUM,POOR_BUSINESS_HEALTH
105,False,0.321,47.4,HIGH,FUNDING_POLICY_VIOLATION
106,True,0.557,56.0,LOW,ALL_OK
107,True,0.601,52.5,HIGH,HIGH_DEFAULT_RISK
108,True,0.602,47.0,HIGH,HIGH_DEFAULT_RISK|POOR_BUSINESS_HEALTH
109,True,0.756,49.7,HIGH,HIGH_DEFAULT_RISK|POOR_BUSINESS_HEALTH
110,True,0.77,53.5,HIGH,HIGH_DEFAULT_RISK
111,False,0.256,39.9,HIGH,FUNDING_POLICY_VIOLATION
112,True,0.753,51.6,HIGH,HIGH_DEFAULT_RISK
113,False,0.761,44.7,HIGH,FUNDING_POLICY_VIOLATION
114,True,0.792,61.7,HIGH,HIGH_DEFAULT_RISK
115,False,0.358,48.9,HIGH,FUNDING_POLICY_VIOLATION
116,False,0.542,54.0,HIGH,FUNDING_POLICY_VIOLATION
117,True,0.862,52.9,HIGH,HIGH_DEFAULT_RISK
118,False,0.771,55.8,HIGH,FUNDING_POLICY_VIOLATION
120,True,0.798,52.8,HIGH,HIGH_DEFAULT_RISK
121,True,0.799,58.1,HIGH,HIGH_DEFAULT_RISK
122,False,0.697,47.5,HIGH,FUNDING_POLICY_VIOLATION
123,True,0.301,35.6,MEDIUM,POOR_BUSINESS_HEALTH
124,True,0.705,53.6,HIGH,HIGH_DEFAULT_RISK
125,True,0.72,46.8,HIGH,HIGH_DEFAULT_RISK|POOR_BUSINESS_HEALTH
126,True,0.832,55.9,HIGH,HIGH_DEFAULT_RISK
127,False,0.745,55.3,HIGH,FUNDING_POLICY_VIOLATION
128,False,0.225,44.3,HIGH,FUNDING_POLICY_VIOLATION
129,True,0.837,54.1,HIGH,HIGH_DEFAULT_RISK
130,True,0.286,49.3,MEDIUM,POOR_BUSINESS_HEALTH
131,True,0.819,51.5,HIGH,HIGH_DEFAULT_RISK
132,True,0.412,50.7,LOW,ALL_OK
133,False,0.688,51.1,HIGH,FUNDING_POLICY_VIOLATION
134,False,0.679,47.7,HIGH,FUNDING_POLICY_VIOLATION
135,True,0.757,49.5,HIGH,HIGH_DEFAULT_RISK|POOR_BUSINESS_HEALTH
136,True,0.841,56.3,HIGH,HIGH_DEFAULT_RISK
137,True,0.8,52.4,HIGH,HIGH_DEFAULT_RISK
138,True,0.373,53.6,LOW,ALL_OK
139,False,0.252,48.4,HIGH,FUNDING_POLICY_VIOLATION
140,False,0.705,46.0,HIGH,FUNDING_POLICY_VIOLATION
141,True,0.542,51.2,LOW,ALL_OK
142,True,0.252,39.7,MEDIUM,POOR_BUSINESS_HEALTH
143,True,0.634,48.6,HIGH,HIGH_DEFAULT_RISK|POOR_BUSINESS_HEALTH
144,True,0.588,52.5,LOW,ALL_OK
145,True,0.777,58.4,HIGH,HIGH_DEFAULT_RISK
146,True,0.818,65.0,HIGH,HIGH_DEFAULT_RISK
147,False,0.431,47.5,HIGH,FUNDING_POLICY_VIOLATION
148,False,0.654,54.1,HIGH,FUNDING_POLICY_VIOLATION
149,True,0.858,49.5,HIGH,HIGH_DEFAULT_RISK|POOR_BUSINESS_HEALTH
150,False,0.697,45.7,HIGH,FUNDING_POLICY_VIOLATION
151,True,0.786,47.1,HIGH,HIGH_DEFAULT_RISK|POOR_BUSINESS_HEALTH
152,True,0.702,54.3,HIGH,HIGH_DEFAULT_RISK
153,True,0.711,49.9,HIGH,HIGH_DEFAULT_RISK|POOR_BUSINESS_HEALTH
154,True,0.595,51.0,LOW,ALL_OK
155,False,0.279,42.1,HIGH,FUNDING_POLICY_VIOLATION
156,False,0.461,45.0,HIGH,FUNDING_POLICY_VIOLATION
157,True,0.656,53.3,HIGH,HIGH_DEFAULT_RISK
158,True,0.551,50.6,LOW,ALL_OK
159,True,0.692,52.6,HIGH,HIGH_DEFAULT_RISK
160,True,0.734,50.5,HIGH,HIGH_DEFAULT_RISK
161,False,0.717,48.3,HIGH,FUNDING_POLICY_VIOLATION
162,True,0.656,52.4,HIGH,HIGH_DEFAULT_RISK
163,True,0.742,53.2,HIGH,HIGH_DEFAULT_RISK
164,True,0.607,62.9,HIGH,HIGH_DEFAULT_RISK
166,False,0.671,40.9,HIGH,FUNDING_POLICY_VIOLATION
167,False,0.851,45.2,HIGH,FUNDING_POLICY_VIOLATION
168,True,0.255,52.1,LOW,ALL_OK
169,True,0.35,46.2,MEDIUM,POOR_BUSINESS_HEALTH
170,True,0.838,53.8,HIGH,HIGH_DEFAULT_RISK
171,True,0.503,69.7,LOW,ALL_OK
172,True,0.826,47.9,HIGH,HIGH_DEFAULT_RISK|POOR_BUSINESS_HEALTH
173,True,0.796,52.2,HIGH,HIGH_DEFAULT_RISK
174,True,0.408,53.7,LOW,ALL_OK
175,False,0.744,50.6,HIGH,FUNDING_POLICY_VIOLATION
176,True,0.728,54.0,HIGH,HIGH_DEFAULT_RISK
177,True,0.278,45.4,MEDIUM,POOR_BUSINESS_HEALTH
178,True,0.621,51.5,HIGH,HIGH_DEFAULT_RISK
179,True,0.24,44.8,MEDIUM,POOR_BUSINESS_HEALTH
180,True,0.371,53.2,LOW,ALL_OK
181,True,0.652,39.6,HIGH,HIGH_DEFAULT_RISK|POOR_BUSINESS_HEALTH
182,True,0.426,51.0,LOW,ALL_OK
183,True,0.836,58.6,HIGH,HIGH_DEFAULT_RISK
184,True,0.797,60.6,HIGH,HIGH_DEFAULT_RISK
186,True,0.77,57.6,HIGH,HIGH_DEFAULT_RISK
187,False,0.188,38.4,HIGH,FUNDING_POLICY_VIOLATION
188,True,0.859,50.1,HIGH,HIGH_DEFAULT_RISK
189,False,0.792,47.8,HIGH,FUNDING_POLICY_VIOLATION
190,True,0.784,48.8,HIGH,HIGH_DEFAULT_RISK|POOR_BUSINESS_HEALTH
191,True,0.442,41.7,MEDIUM,POOR_BUSINESS_HEALTH
192,True,0.593,49.9,MEDIUM,POOR_BUSINESS_HEALTH
193,False,0.485,53.3,HIGH,FUNDING_POLICY_VIOLATION
194,False,0.46,54.3,HIGH,FUNDING_POLICY_VIOLATION
195,True,0.846,63.0,HIGH,HIGH_DEFAULT_RISK
196,False,0.826,50.0,HIGH,FUNDING_POLICY_VIOLATION
197,False,0.647,47.1,HIGH,FUNDING_POLICY_VIOLATION
198,True,0.863,56.8,HIGH,HIGH_DEFAULT_RISK
199,True,0.832,56.9,HIGH,HIGH_DEFAULT_RISK
200,True,0.679,49.4,HIGH,HIGH_DEFAULT_RISK|POOR_BUSINESS_HEALTH
201,True,0.604,53.1,HIGH,HIGH_DEFAULT_RISK
202,True,0.88,57.8,HIGH,HIGH_DEFAULT_RISK
203,False,0.354,56.5,HIGH,FUNDING_POLICY_VIOLATION
204,False,0.788,53.6,HIGH,FUNDING_POLICY_VIOLATION
205,False,0.288,53.8,HIGH,FUNDING_POLICY_VIOLATION
206,True,0.484,47.0,MEDIUM,POOR_BUSINESS_HEALTH
207,True,0.687,53.5,HIGH,HIGH_DEFAULT_RISK
208,True,0.826,59.8,HIGH,HIGH_DEFAULT_RISK
209,True,0.858,54.6,HIGH,HIGH_DEFAULT_RISK
210,True,0.801,53.6,HIGH,HIGH_DEFAULT_RISK
211,True,0.365,50.1,LOW,ALL_OK
212,True,0.745,53.5,HIGH,HIGH_DEFAULT_RISK
213,True,0.534,58.3,LOW,ALL_OK
214,False,0.822,67.2,HIGH,FUNDING_POLICY_VIOLATION
215,False,0.46,46.3,HIGH,FUNDING_POLICY_VIOLATION
216,True,0.724,47.0,HIGH,HIGH_DEFAULT_RISK|POOR_BUSINESS_HEALTH
217,False,0.294,41.0,HIGH,FUNDING_POLICY_VIOLATION
218,True,0.827,53.5,HIGH,HIGH_DEFAULT_RISK
219,True,0.59,52.9,LOW,ALL_OK
220,True,0.822,60.3,HIGH,HIGH_DEFAULT_RISK
221,True,0.84,60.4,HIGH,HIGH_DEFAULT_RISK
222,False,0.236,45.0,HIGH,FUNDING_POLICY_VIOLATION
223,True,0.73,54.9,HIGH,HIGH_DEFAULT_RISK
224,False,0.31,47.3,HIGH,FUNDING_POLICY_VIOLATION
225,True,0.865,55.5,HIGH,HIGH_DEFAULT_RISK
226,True,0.402,55.2,LOW,ALL_OK
227,False,0.374,48.4,HIGH,FUNDING_POLICY_VIOLATION
228,False,0.478,40.1,HIGH,FUNDING_POLICY_VIOLATION
229,False,0.318,43.9,HIGH,FUNDING_POLICY_VIOLATION
230,True,0.627,55.8,HIGH,HIGH_DEFAULT_RISK
231,False,0.82,55.8,HIGH,FUNDING_POLICY_VIOLATION
232,True,0.397,53.6,LOW,ALL_OK
233,False,0.303,43.4,HIGH,FUNDING_POLICY_VIOLATION
234,True,0.671,47.6,HIGH,HIGH_DEFAULT_RISK|POOR_BUSINESS_HEALTH
235,True,0.807,54.2,HIGH,HIGH_DEFAULT_RISK
236,True,0.85,57.5,HIGH,HIGH_DEFAULT_RISK
237,False,0.188,41.8,HIGH,FUNDING_POLICY_VIOLATION
238,False,0.73,49.7,HIGH,FUNDING_POLICY_VIOLATION
239,True,0.593,41.1,MEDIUM,POOR_BUSINESS_HEALTH
240,True,0.685,53.4,HIGH,HIGH_DEFAULT_RISK
241,True,0.84,62.4,HIGH,HIGH_DEFAULT_RISK
242,True,0.663,45.4,HIGH,HIGH_DEFAULT_RISK|POOR_BUSINESS_HEALTH
243,True,0.716,56.6,HIGH,HIGH_DEFAULT_RISK
244,False,0.602,45.4,HIGH,FUNDING_POLICY_VIOLATION
245,True,0.766,48.7,HIGH,HIGH_DEFAULT_RISK|POOR_BUSINESS_HEALTH
246,True,0.848,58.9,HIGH,HIGH_DEFAULT_RISK
247,False,0.34,46.2,HIGH,FUNDING_POLICY_VIOLATION
248,False,0.712,40.4,HIGH,FUNDING_POLICY_VIOLATION
249,True,0.768,58.2,HIGH,HIGH_DEFAULT_RISK
250,True,0.678,54.4,HIGH,HIGH_DEFAULT_RISK
251,True,0.442,47.4,MEDIUM,POOR_BUSINESS_HEALTH
252,True,0.443,55.4,LOW,ALL_OK
253,True,0.289,46.3,MEDIUM,POOR_BUSINESS_HEALTH
254,True,0.805,54.9,HIGH,HIGH_DEFAULT_RISK
255,False,0.597,44.8,HIGH,FUNDING_POLICY_VIOLATION
256,False,0.651,45.4,HIGH,FUNDING_POLICY_VIOLATION
257,True,0.362,45.5,MEDIUM,POOR_BUSINESS_HEALTH
258,False,0.209,40.0,HIGH,FUNDING_POLICY_VIOLATION
260,True,0.865,56.7,HIGH,HIGH_DEFAULT_RISK
261,True,0.411,41.5,MEDIUM,POOR_BUSINESS_HEALTH
262,True,0.816,54.6,HIGH,HIGH_DEFAULT_RISK
263,True,0.681,55.3,HIGH,HIGH_DEFAULT_RISK
264,False,0.767,53.1,HIGH,FUNDING_POLICY_VIOLATION
265,True,0.867,51.3,HIGH,HIGH_DEFAULT_RISK
266,True,0.481,42.6,MEDIUM,POOR_BUSINESS_HEALTH
267,True,0.495,46.0,MEDIUM,POOR_BUSINESS_HEALTH
268,False,0.658,58.1,HIGH,FUNDING_POLICY_VIOLATION
269,False,0.74,51.6,HIGH,FUNDING_POLICY_VIOLATION
270,True,0.334,48.3,MEDIUM,POOR_BUSINESS_HEALTH
271,True,0.839,50.2,HIGH,HIGH_DEFAULT_RISK
272,False,0.802,47.5,HIGH,FUNDING_POLICY_VIOLATION
273,True,0.785,56.5,HIGH,HIGH_DEFAULT_RISK
274,True,0.8,55.1,HIGH,HIGH_DEFAULT_RISK
275,False,0.869,57.5,HIGH,FUNDING_POLICY_VIOLATION
276,False,0.766,49.1,HIGH,FUNDING_POLICY_VIOLATION
277,True,0.514,51.3,LOW,ALL_OK
278,False,0.706,51.7,HIGH,FUNDING_POLICY_VIOLATION
279,True,0.797,57.1,HIGH,HIGH_DEFAULT_RISK
280,True,0.585,47.8,MEDIUM,POOR_BUSINESS_HEALTH
281,False,0.208,35.6,HIGH,FUNDING_POLICY_VIOLATION
282,True,0.819,60.3,HIGH,HIGH_DEFAULT_RISK
283,True,0.38,50.8,LOW,ALL_OK
284,False,0.278,39.4,HIGH,FUNDING_POLICY_VIOLATION
285,True,0.407,60.1,LOW,ALL_OK
286,True,0.39,47.1,MEDIUM,POOR_BUSINESS_HEALTH
287,True,0.743,58.6,HIGH,HIGH_DEFAULT_RISK
288,True,0.691,50.4,HIGH,HIGH_DEFAULT_RISK
289,False,0.224,43.2,HIGH,FUNDING_POLICY_VIOLATION
290,True,0.73,49.3,HIGH,HIGH_DEFAULT_RISK|POOR_BUSINESS_HEALTH
291,True,0.741,51.5,HIGH,HIGH_DEFAULT_RISK
292,True,0.843,62.7,HIGH,HIGH_DEFAULT_RISK
293,True,0.8,60.7,HIGH,HIGH_DEFAULT_RISK
294,False,0.433,44.7,HIGH,FUNDING_POLICY_VIOLATION
295,False,0.638,38.7,HIGH,FUNDING_POLICY_VIOLATION
296,True,0.821,61.3,HIGH,HIGH_DEFAULT_RISK
297,True,0.551,59.3,LOW,ALL_OK
298,False,0.51,55.2,HIGH,FUNDING_POLICY_VIOLATION
299,True,0.848,55.8,HIGH,HIGH_DEFAULT_RISK
300,False,0.426,46.4,HIGH,FUNDING_POLICY_VIOLATION
301,True,0.761,52.8,HIGH,HIGH_DEFAULT_RISK
302,True,0.842,42.5,HIGH,HIGH_DEFAULT_RISK|POOR_BUSINESS_HEALTH
304,True,0.703,40.6,HIGH,HIGH_DEFAULT_RISK|POOR_BUSINESS_HEALTH
305,True,0.688,61.4,HIGH,HIGH_DEFAULT_RISK
306,True,0.694,64.3,HIGH,HIGH_DEFAULT_RISK
307,True,0.851,53.5,HIGH,HIGH_DEFAULT_RISK
308,True,0.484,47.8,MEDIUM,POOR_BUSINESS_HEALTH
309,True,0.361,44.4,MEDIUM,POOR_BUSINESS_HEALTH
310,True,0.382,56.3,LOW,ALL_OK
311,True,0.717,51.3,HIGH,HIGH_DEFAULT_RISK
312,True,0.681,64.6,HIGH,HIGH_DEFAULT_RISK
313,True,0.429,62.3,LOW,ALL_OK
314,True,0.521,50.9,LOW,ALL_OK
315,True,0.783,54.7,HIGH,HIGH_DEFAULT_RISK
316,False,0.302,47.6,HIGH,FUNDING_POLICY_VIOLATION
317,True,0.781,56.1,HIGH,HIGH_DEFAULT_RISK
318,False,0.649,42.5,HIGH,FUNDING_POLICY_VIOLATION
319,False,0.556,51.9,HIGH,FUNDING_POLICY_VIOLATION
320,False,0.773,43.7,HIGH,FUNDING_POLICY_VIOLATION
321,True,0.823,45.8,HIGH,HIGH_DEFAULT_RISK|POOR_BUSINESS_HEALTH
322,True,0.837,50.6,HIGH,HIGH_DEFAULT_RISK
323,False,0.274,51.0,HIGH,FUNDING_POLICY_VIOLATION
324,True,0.496,66.0,LOW,ALL_OK
325,True,0.649,52.9,HIGH,HIGH_DEFAULT_RISK
326,False,0.62,46.1,HIGH,FUNDING_POLICY_VIOLATION
327,False,0.776,52.0,HIGH,FUNDING_POLICY_VIOLATION
328,True,0.507,49.1,MEDIUM,POOR_BUSINESS_HEALTH
329,False,0.219,47.3,HIGH,FUNDING_POLICY_VIOLATION
330,True,0.764,49.1,HIGH,HIGH_DEFAULT_RISK|POOR_BUSINESS_HEALTH
331,True,0.413,46.2,MEDIUM,POOR_BUSINESS_HEALTH
332,True,0.871,54.3,HIGH,HIGH_DEFAULT_RISK
333,True,0.244,41.7,MEDIUM,POOR_BUSINESS_HEALTH
334,False,0.627,45.1,HIGH,FUNDING_POLICY_VIOLATION
335,True,0.554,53.6,LOW,ALL_OK
336,False,0.676,48.3,HIGH,FUNDING_POLICY_VIOLATION
337,False,0.571,58.2,HIGH,FUNDING_POLICY_VIOLATION
338,True,0.484,45.4,MEDIUM,POOR_BUSINESS_HEALTH
339,True,0.864,48.6,HIGH,HIGH_DEFAULT_RISK|POOR_BUSINESS_HEALTH
340,True,0.754,52.4,HIGH,HIGH_DEFAULT_RISK
341,True,0.519,50.0,LOW,ALL_OK
342,True,0.573,50.4,LOW,ALL_OK
343,False,0.258,46.0,HIGH,FUNDING_POLICY_VIOLATION
344,False,0.327,43.1,HIGH,FUNDING_POLICY_VIOLATION
346,True,0.628,54.0,HIGH,HIGH_DEFAULT_RISK
347,False,0.572,50.1,HIGH,FUNDING_POLICY_VIOLATION
348,True,0.761,54.3,HIGH,HIGH_DEFAULT_RISK
349,True,0.851,50.7,HIGH,HIGH_DEFAULT_RISK
350,True,0.753,50.3,HIGH,HIGH_DEFAULT_RISK
351,True,0.846,70.9,HIGH,HIGH_DEFAULT_RISK
352,True,0.364,52.5,LOW,ALL_OK
353,True,0.499,58.2,LOW,ALL_OK
354,False,0.812,55.9,HIGH,FUNDING_POLICY_VIOLATION
355,False,0.4,49.3,HIGH,FUNDING_POLICY_VIOLATION
356,True,0.667,44.0,HIGH,HIGH_DEFAULT_RISK|POOR_BUSINESS_HEALTH
357,True,0.67,47.4,HIGH,HIGH_DEFAULT_RISK|POOR_BUSINESS_HEALTH
358,True,0.861,57.2,HIGH,HIGH_DEFAULT_RISK
359,True,0.632,42.2,HIGH,HIGH_DEFAULT_RISK|POOR_BUSINESS_HEALTH
360,True,0.279,45.6,MEDIUM,POOR_BUSINESS_HEALTH
361,False,0.384,44.9,HIGH,FUNDING_POLICY_VIOLATION
362,True,0.629,56.0,HIGH,HIGH_DEFAULT_RISK
363,True,0.272,44.6,MEDIUM,POOR_BUSINESS_HEALTH
364,False,0.663,49.2,HIGH,FUNDING_POLICY_VIOLATION
365,False,0.693,52.0,HIGH,FUNDING_POLICY_VIOLATION
366,False,0.208,43.5,HIGH,FUNDING_POLICY_VIOLATION
367,False,0.736,47.8,HIGH,FUNDING_POLICY_VIOLATION
368,False,0.498,49.5,HIGH,FUNDING_POLICY_VIOLATION
369,False,0.553,57.0,HIGH,FUNDING_POLICY_VIOLATION
370,True,0.72,52.2,HIGH,HIGH_DEFAULT_RISK
371,True,0.802,59.5,HIGH,HIGH_DEFAULT_RISK
372,False,0.694,52.7,HIGH,FUNDING_POLICY_VIOLATION
373,True,0.718,58.9,HIGH,HIGH_DEFAULT_RISK
374,True,0.781,44.6,HIGH,HIGH_DEFAULT_RISK|POOR_BUSINESS_HEALTH
375,True,0.702,51.2,HIGH,HIGH_DEFAULT_RISK
376,True,0.68,53.6,HIGH,HIGH_DEFAULT_RISK
377,True,0.717,57.7,HIGH,HIGH_DEFAULT_RISK
378,False,0.21,40.7,HIGH,FUNDING_POLICY_VIOLATION
379,True,0.545,49.7,MEDIUM,POOR_BUSINESS_HEALTH
380,True,0.793,51.0,HIGH,HIGH_DEFAULT_RISK
381,False,0.352,47.1,HIGH,FUNDING_POLICY_VIOLATION
382,False,0.304,47.2,HIGH,FUNDING_POLICY_VIOLATION
383,True,0.487,56.4,LOW,ALL_OK
384,True,0.64,47.7,HIGH,HIGH_DEFAULT_RISK|POOR_BUSINESS_HEALTH
385,True,0.626,49.6,HIGH,HIGH_DEFAULT_RISK|POOR_BUSINESS_HEALTH
386,False,0.52,56.3,HIGH,FUNDING_POLICY_VIOLATION
387,False,0.858,48.4,HIGH,FUNDING_POLICY_VIOLATION
388,True,0.726,53.5,HIGH,HIGH_DEFAULT_RISK
389,True,0.791,51.6,HIGH,HIGH_DEFAULT_RISK
390,False,0.718,54.6,HIGH,FUNDING_POLICY_VIOLATION
391,False,0.269,44.8,HIGH,FUNDING_POLICY_VIOLATION
392,False,0.626,47.3,HIGH,FUNDING_POLICY_VIOLATION
393,False,0.3,45.4,HIGH,FUNDING_POLICY_VIOLATION
394,True,0.791,52.1,HIGH,HIGH_DEFAULT_RISK
395,True,0.26,50.4,LOW,ALL_OK
396,False,0.83,51.0,HIGH,FUNDING_POLICY_VIOLATION
397,False,0.786,53.5,HIGH,FUNDING_POLICY_VIOLATION
398,False,0.444,53.1,HIGH,FUNDING_POLICY_VIOLATION
399,False,0.233,51.9,HIGH,FUNDING_POLICY_VIOLATION
400,True,0.717,48.1,HIGH,HIGH_DEFAULT_RISK|POOR_BUSINESS_HEALTH
401,False,0.208,43.4,HIGH,FUNDING_POLICY_VIOLATION
402,False,0.261,50.7,HIGH,FUNDING_POLICY_VIOLATION
403,True,0.771,51.9,HIGH,HIGH_DEFAULT_RISK
404,True,0.761,51.6,HIGH,HIGH_DEFAULT_RISK
405,True,0.886,35.0,HIGH,HIGH_DEFAULT_RISK|POOR_BUSINESS_HEALTH
406,True,0.692,52.3,HIGH,HIGH_DEFAULT_RISK
407,False,0.777,43.9,HIGH,FUNDING_POLICY_VIOLATION
408,True,0.869,54.4,HIGH,HIGH_DEFAULT_RISK
409,True,0.531,54.4,LOW,ALL_OK
410,True,0.266,41.7,MEDIUM,POOR_BUSINESS_HEALTH
411,True,0.89,50.9,HIGH,HIGH_DEFAULT_RISK
412,True,0.838,46.6,HIGH,HIGH_DEFAULT_RISK|POOR_BUSINESS_HEALTH
413,False,0.868,60.1,HIGH,FUNDING_POLICY_VIOLATION
414,True,0.772,63.8,HIGH,HIGH_DEFAULT_RISK
415,True,0.418,54.9,LOW,ALL_OK
416,True,0.433,41.2,MEDIUM,POOR_BUSINESS_HEALTH
417,True,0.739,45.6,HIGH,HIGH_DEFAULT_RISK|POOR_BUSINESS_HEALTH
418,True,0.797,63.4,HIGH,HIGH_DEFAULT_RISK
419,True,0.423,54.7,LOW,ALL_OK
420,True,0.674,55.5,HIGH,HIGH_DEFAULT_RISK
421,True,0.246,52.4,LOW,ALL_OK
422,True,0.854,65.6,HIGH,HIGH_DEFAULT_RISK
423,False,0.22,50.9,HIGH,FUNDING_POLICY_VIOLATION
424,True,0.421,48.6,MEDIUM,POOR_BUSINESS_HEALTH
425,False,0.851,49.7,HIGH,FUNDING_POLICY_VIOLATION
426,True,0.733,57.8,HIGH,HIGH_DEFAULT_RISK
427,True,0.573,48.3,MEDIUM,POOR_BUSINESS_HEALTH
428,False,0.669,59.0,HIGH,FUNDING_POLICY_VIOLATION
429,True,0.741,51.7,HIGH,HIGH_DEFAULT_RISK
430,True,0.803,52.7,HIGH,HIGH_DEFAULT_RISK
431,True,0.908,57.4,HIGH,HIGH_DEFAULT_RISK
432,True,0.817,54.4,HIGH,HIGH_DEFAULT_RISK
433,True,0.635,49.9,HIGH,HIGH_DEFAULT_RISK|POOR_BUSINESS_HEALTH
434,True,0.792,53.6,HIGH,HIGH_DEFAULT_RISK
435,True,0.639,57.3,HIGH,HIGH_DEFAULT_RISK
436,True,0.639,47.4,HIGH,HIGH_DEFAULT_RISK|POOR_BUSINESS_HEALTH
437,True,0.703,40.1,HIGH,HIGH_DEFAULT_RISK|POOR_BUSINESS_HEALTH
438,True,0.726,52.9,HIGH,HIGH_DEFAULT_RISK
439,False,0.347,51.4,HIGH,FUNDING_POLICY_VIOLATION
440,False,0.677,40.4,HIGH,FUNDING_POLICY_VIOLATION
441,True,0.635,67.7,HIGH,HIGH_DEFAULT_RISK
442,True,0.443,53.0,LOW,ALL_OK
443,False,0.485,45.1,HIGH,FUNDING_POLICY_VIOLATION
444,True,0.597,45.0,MEDIUM,POOR_BUSINESS_HEALTH
445,False,0.842,59.8,HIGH,FUNDING_POLICY_VIOLATION
446,True,0.682,55.9,HIGH,HIGH_DEFAULT_RISK
447,True,0.832,58.7,HIGH,HIGH_DEFAULT_RISK
448,True,0.447,48.7,MEDIUM,POOR_BUSINESS_HEALTH
449,False,0.374,46.8,HIGH,FUNDING_POLICY_VIOLATION
450,False,0.277,36.3,HIGH,FUNDING_POLICY_VIOLATION
451,True,0.753,52.5,HIGH,HIGH_DEFAULT_RISK
452,False,0.775,47.5,HIGH,FUNDING_POLICY_VIOLATION
453,True,0.502,42.7,MEDIUM,POOR_BUSINESS_HEALTH
454,False,0.319,48.9,HIGH,FUNDING_POLICY_VIOLATION
455,False,0.664,50.9,HIGH,FUNDING_POLICY_VIOLATION
456,True,0.804,46.1,HIGH,HIGH_DEFAULT_RISK|POOR_BUSINESS_HEALTH
457,False,0.838,60.7,HIGH,FUNDING_POLICY_VIOLATION
458,True,0.819,60.2,HIGH,HIGH_DEFAULT_RISK
459,True,0.819,58.8,HIGH,HIGH_DEFAULT_RISK
460,True,0.471,48.6,MEDIUM,POOR_BUSINESS_HEALTH
461,True,0.262,53.9,LOW,ALL_OK
462,False,0.646,47.9,HIGH,FUNDING_POLICY_VIOLATION
463,True,0.303,49.2,MEDIUM,POOR_BUSINESS_HEALTH
464,False,0.678,39.4,HIGH,FUNDING_POLICY_VIOLATION
465,True,0.709,55.3,HIGH,HIGH_DEFAULT_RISK
466,True,0.79,56.7,HIGH,HIGH_DEFAULT_RISK
467,False,0.655,50.1,HIGH,FUNDING_POLICY_VIOLATION
468,True,0.347,54.4,LOW,ALL_OK
469,True,0.375,49.9,MEDIUM,POOR_BUSINESS_HEALTH
470,True,0.614,45.3,HIGH,HIGH_DEFAULT_RISK|POOR_BUSINESS_HEALTH
471,True,0.384,54.5,LOW,ALL_OK
472,False,0.386,49.3,HIGH,FUNDING_POLICY_VIOLATION
473,False,0.399,36.5,HIGH,FUNDING_POLICY_VIOLATION
474,True,0.693,44.1,HIGH,HIGH_DEFAULT_RISK|POOR_BUSINESS_HEALTH
475,True,0.299,58.1,LOW,ALL_OK
476,True,0.577,49.7,MEDIUM,POOR_BUSINESS_HEALTH
477,True,0.313,53.1,LOW,ALL_OK
478,True,0.763,54.3,HIGH,HIGH_DEFAULT_RISK
479,True,0.325,54.7,LOW,ALL_OK
480,False,0.66,53.5,HIGH,FUNDING_POLICY_VIOLATION
481,False,0.86,55.2,HIGH,FUNDING_POLICY_VIOLATION
482,True,0.391,55.4,LOW,ALL_OK
483,True,0.829,50.0,HIGH,HIGH_DEFAULT_RISK|POOR_BUSINESS_HEALTH
484,False,0.369,47.3,HIGH,FUNDING_POLICY_VIOLATION
485,False,0.398,49.2,HIGH,FUNDING_POLICY_VIOLATION
486,True,0.655,53.8,HIGH,HIGH_DEFAULT_RISK
487,True,0.768,46.5,HIGH,HIGH_DEFAULT_RISK|POOR_BUSINESS_HEALTH
488,True,0.744,51.2,HIGH,HIGH_DEFAULT_RISK
489,True,0.607,48.1,HIGH,HIGH_DEFAULT_RISK|POOR_BUSINESS_HEALTH
490,True,0.724,46.7,HIGH,HIGH_DEFAULT_RISK|POOR_BUSINESS_HEALTH
491,True,0.411,48.3,MEDIUM,POOR_BUSINESS_HEALTH
492,True,0.711,53.6,HIGH,HIGH_DEFAULT_RISK
493,False,0.49,53.5,HIGH,FUNDING_POLICY_VIOLATION
494,True,0.806,57.7,HIGH,HIGH_DEFAULT_RISK
495,True,0.346,44.1,MEDIUM,POOR_BUSINESS_HEALTH
496,False,0.37,49.2,HIGH,FUNDING_POLICY_VIOLATION
497,True,0.367,52.5,LOW,ALL_OK
498,False,0.406,41.2,HIGH,FUNDING_POLICY_VIOLATION
499,True,0.869,60.2,HIGH,HIGH_DEFAULT_RISK
500,True,0.81,55.6,HIGH,HIGH_DEFAULT_RISK
501,True,0.859,54.3,HIGH,HIGH_DEFAULT_RISK
502,True,0.898,60.8,HIGH,HIGH_DEFAULT_RISK
503,True,0.861,53.0,HIGH,HIGH_DEFAULT_RISK
504,False,0.288,48.2,HIGH,FUNDING_POLICY_VIOLATION
505,True,0.837,50.4,HIGH,HIGH_DEFAULT_RISK
506,False,0.743,49.4,HIGH,FUNDING_POLICY_VIOLATION
507,True,0.53,55.5,LOW,ALL_OK
508,True,0.711,53.1,HIGH,HIGH_DEFAULT_RISK
509,True,0.246,38.7,MEDIUM,POOR_BUSINESS_HEALTH
510,False,0.83,52.1,HIGH,FUNDING_POLICY_VIOLATION
511,True,0.874,59.9,HIGH,HIGH_DEFAULT_RISK
512,False,0.277,39.4,HIGH,FUNDING_POLICY_VIOLATION
513,True,0.8,52.3,HIGH,HIGH_DEFAULT_RISK
514,False,0.883,48.8,HIGH,FUNDING_POLICY_VIOLATION
515,True,0.624,51.4,HIGH,HIGH_DEFAULT_RISK
516,True,0.835,53.4,HIGH,HIGH_DEFAULT_RISK
517,True,0.862,51.7,HIGH,HIGH_DEFAULT_RISK
519,True,0.674,53.7,HIGH,HIGH_DEFAULT_RISK
520,False,0.822,49.7,HIGH,FUNDING_POLICY_VIOLATION
521,True,0.766,54.9,HIGH,HIGH_DEFAULT_RISK
522,False,0.196,61.2,HIGH,FUNDING_POLICY_VIOLATION
523,True,0.372,46.0,MEDIUM,POOR_BUSINESS_HEALTH
524,False,0.608,45.8,HIGH,FUNDING_POLICY_VIOLATION
525,False,0.254,48.7,HIGH,FUNDING_POLICY_VIOLATION
526,True,0.571,43.8,MEDIUM,POOR_BUSINESS_HEALTH
527,True,0.88,64.5,HIGH,HIGH_DEFAULT_RISK
528,True,0.365,48.6,MEDIUM,POOR_BUSINESS_HEALTH
529,True,0.579,53.6,LOW,ALL_OK
530,False,0.824,51.3,HIGH,FUNDING_POLICY_VIOLATION
531,True,0.615,55.8,HIGH,HIGH_DEFAULT_RISK
532,True,0.255,47.7,MEDIUM,POOR_BUSINESS_HEALTH
533,True,0.36,47.4,MEDIUM,POOR_BUSINESS_HEALTH
534,False,0.767,51.7,HIGH,FUNDING_POLICY_VIOLATION
535,True,0.788,46.5,HIGH,HIGH_DEFAULT_RISK|POOR_BUSINESS_HEALTH
536,True,0.885,55.1,HIGH,HIGH_DEFAULT_RISK
537,True,0.33,51.1,LOW,ALL_OK
538,True,0.815,56.2,HIGH,HIGH_DEFAULT_RISK
539,False,0.235,53.2,HIGH,FUNDING_POLICY_VIOLATION
540,True,0.328,42.9,MEDIUM,POOR_BUSINESS_HEALTH
541,False,0.464,54.2,HIGH,FUNDING_POLICY_VIOLATION
542,False,0.231,39.6,HIGH,FUNDING_POLICY_VIOLATION
543,True,0.792,56.7,HIGH,HIGH_DEFAULT_RISK
544,True,0.817,55.3,HIGH,HIGH_DEFAULT_RISK
545,True,0.673,48.1,HIGH,HIGH_DEFAULT_RISK|POOR_BUSINESS_HEALTH
546,True,0.659,45.0,HIGH,HIGH_DEFAULT_RISK|POOR_BUSINESS_HEALTH
547,False,0.352,35.1,HIGH,FUNDING_POLICY_VIOLATION
548,False,0.816,56.5,HIGH,FUNDING_POLICY_VIOLATION
549,True,0.696,51.3,HIGH,HIGH_DEFAULT_RISK
550,True,0.736,55.7,HIGH,HIGH_DEFAULT_RISK
551,False,0.295,36.6,HIGH,FUNDING_POLICY_VIOLATION
552,False,0.726,40.1,HIGH,FUNDING_POLICY_VIOLATION
553,True,0.705,63.3,HIGH,HIGH_DEFAULT_RISK
554,True,0.832,65.4,HIGH,HIGH_DEFAULT_RISK
555,False,0.782,46.1,HIGH,FUNDING_POLICY_VIOLATION
556,True,0.841,53.7,HIGH,HIGH_DEFAULT_RISK
558,True,0.354,48.7,MEDIUM,POOR_BUSINESS_HEALTH
559,True,0.796,56.2,HIGH,HIGH_DEFAULT_RISK
560,True,0.314,49.6,MEDIUM,POOR_BUSINESS_HEALTH
561,False,0.809,55.5,HIGH,FUNDING_POLICY_VIOLATION
562,True,0.249,52.1,LOW,ALL_OK
563,False,0.493,54.2,HIGH,FUNDING_POLICY_VIOLATION
564,True,0.596,49.0,MEDIUM,POOR_BUSINESS_HEALTH
565,True,0.277,44.7,MEDIUM,POOR_BUSINESS_HEALTH
566,True,0.449,48.0,MEDIUM,POOR_BUSINESS_HEALTH
567,False,0.28,45.1,HIGH,FUNDING_POLICY_VIOLATION
568,True,0.433,56.1,LOW,ALL_OK
569,False,0.417,43.0,HIGH,FUNDING_POLICY_VIOLATION
570,True,0.369,46.5,MEDIUM,POOR_BUSINESS_HEALTH
571,True,0.477,51.1,LOW,ALL_OK
572,True,0.202,53.8,LOW,ALL_OK
573,True,0.439,47.2,MEDIUM,POOR_BUSINESS_HEALTH
574,True,0.821,51.9,HIGH,HIGH_DEFAULT_RISK
575,True,0.866,61.4,HIGH,HIGH_DEFAULT_RISK
576,False,0.757,50.8,HIGH,FUNDING_POLICY_VIOLATION
577,True,0.426,57.0,LOW,ALL_OK
578,False,0.288,53.3,HIGH,FUNDING_POLICY_VIOLATION
579,True,0.815,55.6,HIGH,HIGH_DEFAULT_RISK
580,True,0.727,52.4,HIGH,HIGH_DEFAULT_RISK
581,True,0.75,47.7,HIGH,HIGH_DEFAULT_RISK|POOR_BUSINESS_HEALTH
582,True,0.797,53.7,HIGH,HIGH_DEFAULT_RISK
583,True,0.611,41.0,HIGH,HIGH_DEFAULT_RISK|POOR_BUSINESS_HEALTH
584,True,0.722,52.6,HIGH,HIGH_DEFAULT_RISK
585,True,0.819,56.8,HIGH,HIGH_DEFAULT_RISK
586,False,0.218,44.5,HIGH,FUNDING_POLICY_VIOLATION
587,False,0.595,39.4,HIGH,FUNDING_POLICY_VIOLATION
588,True,0.357,47.3,MEDIUM,POOR_BUSINESS_HEALTH
589,False,0.522,51.3,HIGH,FUNDING_POLICY_VIOLATION
590,True,0.749,54.6,HIGH,HIGH_DEFAULT_RISK
591,True,0.856,59.6,HIGH,HIGH_DEFAULT_RISK
592,False,0.708,47.6,HIGH,FUNDING_POLICY_VIOLATION
593,True,0.345,46.1,MEDIUM,POOR_BUSINESS_HEALTH
594,True,0.849,60.4,HIGH,HIGH_DEFAULT_RISK
595,True,0.526,53.9,LOW,ALL_OK
597,False,0.498,51.3,HIGH,FUNDING_POLICY_VIOLATION
598,False,0.751,48.3,HIGH,FUNDING_POLICY_VIOLATION
599,True,0.599,53.6,LOW,ALL_OK
600,False,0.473,42.3,HIGH,FUNDING_POLICY_VIOLATION
601,False,0.795,51.5,HIGH,FUNDING_POLICY_VIOLATION
602,True,0.371,51.3,LOW,ALL_OK
603,False,0.257,42.1,HIGH,FUNDING_POLICY_VIOLATION
604,False,0.212,52.6,HIGH,FUNDING_POLICY_VIOLATION
605,False,0.503,55.0,HIGH,FUNDING_POLICY_VIOLATION
606,True,0.816,48.3,HIGH,HIGH_DEFAULT_RISK|POOR_BUSINESS_HEALTH
607,False,0.776,45.9,HIGH,FUNDING_POLICY_VIOLATION
609,True,0.366,54.1,LOW,ALL_OK
610,True,0.874,62.3,HIGH,HIGH_DEFAULT_RISK
611,True,0.473,50.2,LOW,ALL_OK
612,False,0.797,55.7,HIGH,FUNDING_POLICY_VIOLATION
613,True,0.324,43.3,MEDIUM,POOR_BUSINESS_HEALTH
614,True,0.731,51.0,HIGH,HIGH_DEFAULT_RISK
615,True,0.312,55.1,LOW,ALL_OK
616,True,0.408,59.1,LOW,ALL_OK
617,False,0.462,41.0,HIGH,FUNDING_POLICY_VIOLATION
618,True,0.793,59.3,HIGH,HIGH_DEFAULT_RISK
619,True,0.724,51.8,HIGH,HIGH_DEFAULT_RISK
620,True,0.731,56.8,HIGH,HIGH_DEFAULT_RISK
621,True,0.697,59.9,HIGH,HIGH_DEFAULT_RISK
622,False,0.202,44.6,HIGH,FUNDING_POLICY_VIOLATION
623,True,0.836,55.8,HIGH,HIGH_DEFAULT_RISK
624,True,0.601,51.6,HIGH,HIGH_DEFAULT_RISK
625,True,0.776,50.6,HIGH,HIGH_DEFAULT_RISK
626,False,0.474,39.6,HIGH,FUNDING_POLICY_VIOLATION
627,True,0.85,56.0,HIGH,HIGH_DEFAULT_RISK
628,True,0.858,54.4,HIGH,HIGH_DEFAULT_RISK
629,False,0.556,41.0,HIGH,FUNDING_POLICY_VIOLATION
630,True,0.745,43.8,HIGH,HIGH_DEFAULT_RISK|POOR_BUSINESS_HEALTH
631,True,0.87,59.8,HIGH,HIGH_DEFAULT_RISK
632,True,0.879,55.6,HIGH,HIGH_DEFAULT_RISK
633,True,0.439,50.6,LOW,ALL_OK
634,True,0.488,47.8,MEDIUM,POOR_BUSINESS_HEALTH
635,True,0.857,43.0,HIGH,HIGH_DEFAULT_RISK|POOR_BUSINESS_HEALTH
636,True,0.632,60.0,HIGH,HIGH_DEFAULT_RISK
637,True,0.374,51.0,LOW,ALL_OK
638,True,0.823,64.2,HIGH,HIGH_DEFAULT_RISK
639,False,0.37,58.7,HIGH,FUNDING_POLICY_VIOLATION
640,True,0.374,66.0,LOW,ALL_OK
641,True,0.324,46.7,MEDIUM,POOR_BUSINESS_HEALTH
642,True,0.75,49.4,HIGH,HIGH_DEFAULT_RISK|POOR_BUSINESS_HEALTH
643,False,0.706,52.5,HIGH,FUNDING_POLICY_VIOLATION
644,False,0.422,39.2,HIGH,FUNDING_POLICY_VIOLATION
645,True,0.326,45.3,MEDIUM,POOR_BUSINESS_HEALTH
646,False,0.43,54.2,HIGH,FUNDING_POLICY_VIOLATION
647,True,0.794,55.9,HIGH,HIGH_DEFAULT_RISK
648,False,0.333,47.9,HIGH,FUNDING_POLICY_VIOLATION
649,True,0.877,60.8,HIGH,HIGH_DEFAULT_RISK
650,True,0.662,53.5,HIGH,HIGH_DEFAULT_RISK
651,True,0.296,52.0,LOW,ALL_OK
652,True,0.563,58.1,LOW,ALL_OK
653,True,0.753,45.0,HIGH,HIGH_DEFAULT_RISK|POOR_BUSINESS_HEALTH
654,True,0.36,49.8,MEDIUM,POOR_BUSINESS_HEALTH
655,True,0.273,48.6,MEDIUM,POOR_BUSINESS_HEALTH
656,True,0.195,39.9,MEDIUM,POOR_BUSINESS_HEALTH
657,False,0.427,47.4,HIGH,FUNDING_POLICY_VIOLATION
658,True,0.825,54.3,HIGH,HIGH_DEFAULT_RISK
659,True,0.55,51.2,LOW,ALL_OK
660,True,0.844,59.2,HIGH,HIGH_DEFAULT_RISK
661,False,0.346,37.6,HIGH,FUNDING_POLICY_VIOLATION
662,False,0.637,47.5,HIGH,FUNDING_POLICY_VIOLATION
663,True,0.778,61.0,HIGH,HIGH_DEFAULT_RISK
664,False,0.808,48.7,HIGH,FUNDING_POLICY_VIOLATION
665,True,0.649,48.0,HIGH,HIGH_DEFAULT_RISK|POOR_BUSINESS_HEALTH
666,False,0.747,52.3,HIGH,FUNDING_POLICY_VIOLATION
667,True,0.869,49.3,HIGH,HIGH_DEFAULT_RISK|POOR_BUSINESS_HEALTH
668,True,0.243,41.8,MEDIUM,POOR_BUSINESS_HEALTH
669,True,0.851,59.2,HIGH,HIGH_DEFAULT_RISK
670,True,0.559,51.6,LOW,ALL_OK
671,True,0.562,46.1,MEDIUM,POOR_BUSINESS_HEALTH
672,True,0.841,57.2,HIGH,HIGH_DEFAULT_RISK
673,True,0.354,47.7,MEDIUM,POOR_BUSINESS_HEALTH
674,False,0.518,53.5,HIGH,FUNDING_POLICY_VIOLATION
675,False,0.229,42.4,HIGH,FUNDING_POLICY_VIOLATION
676,True,0.78,54.0,HIGH,HIGH_DEFAULT_RISK
677,True,0.374,45.7,MEDIUM,POOR_BUSINESS_HEALTH
678,True,0.226,40.3,MEDIUM,POOR_BUSINESS_HEALTH
679,True,0.634,49.4,HIGH,HIGH_DEFAULT_RISK|POOR_BUSINESS_HEALTH
680,True,0.725,58.5,HIGH,HIGH_DEFAULT_RISK
681,True,0.717,52.5,HIGH,HIGH_DEFAULT_RISK
682,True,0.832,50.0,HIGH,HIGH_DEFAULT_RISK
683,False,0.311,34.5,HIGH,FUNDING_POLICY_VIOLATION
684,True,0.806,52.5,HIGH,HIGH_DEFAULT_RISK
685,True,0.505,51.8,LOW,ALL_OK
686,True,0.448,44.7,MEDIUM,POOR_BUSINESS_HEALTH
687,True,0.435,55.8,LOW,ALL_OK
688,False,0.724,49.3,HIGH,FUNDING_POLICY_VIOLATION
689,True,0.506,65.9,LOW,ALL_OK
690,True,0.763,55.2,HIGH,HIGH_DEFAULT_RISK
691,False,0.434,50.5,HIGH,FUNDING_POLICY_VIOLATION
692,True,0.578,49.2,MEDIUM,POOR_BUSINESS_HEALTH
693,True,0.266,47.2,MEDIUM,POOR_BUSINESS_HEALTH
694,True,0.559,50.4,LOW,ALL_OK
695,True,0.639,48.3,HIGH,HIGH_DEFAULT_RISK|POOR_BUSINESS_HEALTH
696,True,0.346,59.5,LOW,ALL_OK
697,True,0.404,49.0,MEDIUM,POOR_BUSINESS_HEALTH
698,False,0.255,42.5,HIGH,FUNDING_POLICY_VIOLATION
699,False,0.393,54.2,HIGH,FUNDING_POLICY_VIOLATION
700,True,0.783,51.6,HIGH,HIGH_DEFAULT_RISK
701,True,0.875,59.2,HIGH,HIGH_DEFAULT_RISK
702,True,0.799,72.3,HIGH,HIGH_DEFAULT_RISK
703,True,0.766,48.1,HIGH,HIGH_DEFAULT_RISK|POOR_BUSINESS_HEALTH
704,True,0.686,47.7,HIGH,HIGH_DEFAULT_RISK|POOR_BUSINESS_HEALTH
705,True,0.529,48.3,MEDIUM,POOR_BUSINESS_HEALTH
706,True,0.776,54.5,HIGH,HIGH_DEFAULT_RISK
707,False,0.652,47.0,HIGH,FUNDING_POLICY_VIOLATION
708,True,0.808,52.7,HIGH,HIGH_DEFAULT_RISK
709,True,0.651,44.8,HIGH,HIGH_DEFAULT_RISK|POOR_BUSINESS_HEALTH
710,True,0.855,54.9,HIGH,HIGH_DEFAULT_RISK
711,False,0.818,50.0,HIGH,FUNDING_POLICY_VIOLATION
712,True,0.701,50.0,HIGH,HIGH_DEFAULT_RISK|POOR_BUSINESS_HEALTH
713,True,0.378,45.6,MEDIUM,POOR_BUSINESS_HEALTH
714,False,0.244,48.8,HIGH,FUNDING_POLICY_VIOLATION
715,True,0.691,49.8,HIGH,HIGH_DEFAULT_RISK|POOR_BUSINESS_HEALTH
716,True,0.468,53.3,LOW,ALL_OK
717,False,0.624,48.0,HIGH,FUNDING_POLICY_VIOLATION
718,True,0.441,47.5,MEDIUM,POOR_BUSINESS_HEALTH
719,True,0.466,44.2,MEDIUM,POOR_BUSINESS_HEALTH
720,True,0.285,56.8,LOW,ALL_OK
721,False,0.284,45.8,HIGH,FUNDING_POLICY_VIOLATION
722,False,0.395,43.9,HIGH,FUNDING_POLICY_VIOLATION
723,False,0.739,47.0,HIGH,FUNDING_POLICY_VIOLATION
724,True,0.694,53.2,HIGH,HIGH_DEFAULT_RISK
725,True,0.803,51.5,HIGH,HIGH_DEFAULT_RISK
726,True,0.843,59.3,HIGH,HIGH_DEFAULT_RISK
727,True,0.714,48.8,HIGH,HIGH_DEFAULT_RISK|POOR_BUSINESS_HEALTH
728,True,0.86,56.4,HIGH,HIGH_DEFAULT_RISK
729,False,0.712,42.0,HIGH,FUNDING_POLICY_VIOLATION
730,False,0.774,46.5,HIGH,FUNDING_POLICY_VIOLATION
731,True,0.89,58.7,HIGH,HIGH_DEFAULT_RISK
732,True,0.8,49.0,HIGH,HIGH_DEFAULT_RISK|POOR_BUSINESS_HEALTH
733,True,0.815,56.7,HIGH,HIGH_DEFAULT_RISK
734,False,0.535,46.1,HIGH,FUNDING_POLICY_VIOLATION
735,False,0.688,56.5,HIGH,FUNDING_POLICY_VIOLATION
736,False,0.738,43.1,HIGH,FUNDING_POLICY_VIOLATION
737,True,0.84,50.6,HIGH,HIGH_DEFAULT_RISK
738,True,0.415,51.4,LOW,ALL_OK
739,True,0.86,65.4,HIGH,HIGH_DEFAULT_RISK
740,True,0.364,47.6,MEDIUM,POOR_BUSINESS_HEALTH
741,True,0.751,46.1,HIGH,HIGH_DEFAULT_RISK|POOR_BUSINESS_HEALTH
742,True,0.704,45.0,HIGH,HIGH_DEFAULT_RISK|POOR_BUSINESS_HEALTH
743,True,0.534,44.4,MEDIUM,POOR_BUSINESS_HEALTH
744,True,0.672,49.1,HIGH,HIGH_DEFAULT_RISK|POOR_BUSINESS_HEALTH
746,True,0.871,53.0,HIGH,HIGH_DEFAULT_RISK
747,True,0.461,51.0,LOW,ALL_OK
748,False,0.575,54.8,HIGH,FUNDING_POLICY_VIOLATION
749,True,0.827,58.4,HIGH,HIGH_DEFAULT_RISK
750,True,0.374,48.9,MEDIUM,POOR_BUSINESS_HEALTH
751,False,0.475,41.3,HIGH,FUNDING_POLICY_VIOLATION
752,True,0.733,58.0,HIGH,HIGH_DEFAULT_RISK
753,False,0.383,54.2,HIGH,FUNDING_POLICY_VIOLATION
754,True,0.759,55.1,HIGH,HIGH_DEFAULT_RISK
755,True,0.827,52.8,HIGH,HIGH_DEFAULT_RISK
756,True,0.332,49.6,MEDIUM,POOR_BUSINESS_HEALTH
757,True,0.792,53.6,HIGH,HIGH_DEFAULT_RISK
758,False,0.689,43.3,HIGH,FUNDING_POLICY_VIOLATION
759,False,0.371,50.2,HIGH,FUNDING_POLICY_VIOLATION
760,True,0.382,50.8,LOW,ALL_OK
761,True,0.526,55.9,LOW,ALL_OK
762,False,0.285,53.3,HIGH,FUNDING_POLICY_VIOLATION
763,True,0.5,54.3,LOW,ALL_OK
764,False,0.636,47.3,HIGH,FUNDING_POLICY_VIOLATION
765,True,0.843,51.9,HIGH,HIGH_DEFAULT_RISK
766,True,0.733,44.6,HIGH,HIGH_DEFAULT_RISK|POOR_BUSINESS_HEALTH
767,True,0.774,54.2,HIGH,HIGH_DEFAULT_RISK
768,True,0.388,53.0,LOW,ALL_OK
769,False,0.396,41.6,HIGH,FUNDING_POLICY_VIOLATION
770,True,0.707,48.1,HIGH,HIGH_DEFAULT_RISK|POOR_BUSINESS_HEALTH
771,True,0.556,50.0,LOW,ALL_OK
772,False,0.712,52.3,HIGH,FUNDING_POLICY_VIOLATION
773,True,0.373,47.5,MEDIUM,POOR_BUSINESS_HEALTH
774,False,0.67,42.1,HIGH,FUNDING_POLICY_VIOLATION
775,False,0.79,61.6,HIGH,FUNDING_POLICY_VIOLATION
776,True,0.248,40.6,MEDIUM,POOR_BUSINESS_HEALTH
777,True,0.658,47.6,HIGH,HIGH_DEFAULT_RISK|POOR_BUSINESS_HEALTH
778,False,0.337,44.6,HIGH,FUNDING_POLICY_VIOLATION
779,True,0.875,54.2,HIGH,HIGH_DEFAULT_RISK
780,True,0.83,53.7,HIGH,HIGH_DEFAULT_RISK
781,True,0.672,42.8,HIGH,HIGH_DEFAULT_RISK|POOR_BUSINESS_HEALTH
782,False,0.547,46.9,HIGH,FUNDING_POLICY_VIOLATION
783,False,0.635,56.6,HIGH,FUNDING_POLICY_VIOLATION
784,True,0.845,54.4,HIGH,HIGH_DEFAULT_RISK
785,False,0.16,38.0,HIGH,FUNDING_POLICY_VIOLATION
786,True,0.749,52.3,HIGH,HIGH_DEFAULT_RISK
787,False,0.517,47.5,HIGH,FUNDING_POLICY_VIOLATION
788,False,0.755,53.5,HIGH,FUNDING_POLICY_VIOLATION
789,False,0.668,56.0,HIGH,FUNDING_POLICY_VIOLATION
790,True,0.585,51.7,LOW,ALL_OK
791,True,0.778,58.6,HIGH,HIGH_DEFAULT_RISK
792,False,0.856,48.0,HIGH,FUNDING_POLICY_VIOLATION
793,True,0.598,49.5,MEDIUM,POOR_BUSINESS_HEALTH
794,False,0.726,43.4,HIGH,FUNDING_POLICY_VIOLATION
795,True,0.783,48.6,HIGH,HIGH_DEFAULT_RISK|POOR_BUSINESS_HEALTH
796,False,0.865,54.6,HIGH,FUNDING_POLICY_VIOLATION
797,True,0.347,45.9,MEDIUM,POOR_BUSINESS_HEALTH
798,False,0.656,48.2,HIGH,FUNDING_POLICY_VIOLATION
799,True,0.845,53.0,HIGH,HIGH_DEFAULT_RISK
800,True,0.363,49.9,MEDIUM,POOR_BUSINESS_HEALTH
801,True,0.684,48.0,HIGH,HIGH_DEFAULT_RISK|POOR_BUSINESS_HEALTH
802,True,0.609,49.8,HIGH,HIGH_DEFAULT_RISK|POOR_BUSINESS_HEALTH
803,True,0.809,58.5,HIGH,HIGH_DEFAULT_RISK
804,False,0.674,54.0,HIGH,FUNDING_POLICY_VIOLATION
805,True,0.373,50.2,LOW,ALL_OK
806,False,0.806,55.3,HIGH,FUNDING_POLICY_VIOLATION
807,True,0.858,49.1,HIGH,HIGH_DEFAULT_RISK|POOR_BUSINESS_HEALTH
808,False,0.7,45.2,HIGH,FUNDING_POLICY_VIOLATION
809,False,0.246,46.0,HIGH,FUNDING_POLICY_VIOLATION
810,False,0.853,47.5,HIGH,FUNDING_POLICY_VIOLATION
811,True,0.292,47.8,MEDIUM,POOR_BUSINESS_HEALTH
812,False,0.753,56.6,HIGH,FUNDING_POLICY_VIOLATION
813,True,0.497,53.8,LOW,ALL_OK
814,True,0.807,53.7,HIGH,HIGH_DEFAULT_RISK
815,True,0.298,54.2,LOW,ALL_OK
816,True,0.339,51.6,LOW,ALL_OK
817,False,0.224,43.3,HIGH,FUNDING_POLICY_VIOLATION
818,True,0.738,56.3,HIGH,HIGH_DEFAULT_RISK
819,True,0.717,48.9,HIGH,HIGH_DEFAULT_RISK|POOR_BUSINESS_HEALTH
820,True,0.378,47.9,MEDIUM,POOR_BUSINESS_HEALTH
821,True,0.828,45.9,HIGH,HIGH_DEFAULT_RISK|POOR_BUSINESS_HEALTH
822,True,0.767,64.7,HIGH,HIGH_DEFAULT_RISK
823,True,0.604,44.2,HIGH,HIGH_DEFAULT_RISK|POOR_BUSINESS_HEALTH
824,False,0.354,46.1,HIGH,FUNDING_POLICY_VIOLATION
825,True,0.443,47.5,MEDIUM,POOR_BUSINESS_HEALTH
826,True,0.399,59.6,LOW,ALL_OK
827,True,0.791,52.8,HIGH,HIGH_DEFAULT_RISK
828,True,0.295,47.2,MEDIUM,POOR_BUSINESS_HEALTH
829,True,0.276,48.5,MEDIUM,POOR_BUSINESS_HEALTH
830,True,0.819,59.5,HIGH,HIGH_DEFAULT_RISK
831,False,0.227,43.4,HIGH,FUNDING_POLICY_VIOLATION
832,True,0.836,54.4,HIGH,HIGH_DEFAULT_RISK
833,True,0.316,52.1,LOW,ALL_OK
834,True,0.437,47.6,MEDIUM,POOR_BUSINESS_HEALTH
835,True,0.702,66.0,HIGH,HIGH_DEFAULT_RISK
836,True,0.68,51.8,HIGH,HIGH_DEFAULT_RISK
837,True,0.829,61.4,HIGH,HIGH_DEFAULT_RISK
838,True,0.783,57.0,HIGH,HIGH_DEFAULT_RISK
839,False,0.234,51.3,HIGH,FUNDING_POLICY_VIOLATION
840,True,0.679,54.9,HIGH,HIGH_DEFAULT_RISK
841,True,0.759,59.7,HIGH,HIGH_DEFAULT_RISK
842,False,0.516,46.3,HIGH,FUNDING_POLICY_VIOLATION
843,True,0.721,52.2,HIGH,HIGH_DEFAULT_RISK
844,False,0.224,50.6,HIGH,FUNDING_POLICY_VIOLATION
845,False,0.448,49.6,HIGH,FUNDING_POLICY_VIOLATION
846,False,0.703,42.6,HIGH,FUNDING_POLICY_VIOLATION
847,False,0.779,60.9,HIGH,FUNDING_POLICY_VIOLATION
848,True,0.451,63.9,LOW,ALL_OK
849,False,0.84,51.0,HIGH,FUNDING_POLICY_VIOLATION
850,False,0.387,47.7,HIGH,FUNDING_POLICY_VIOLATION
851,False,0.792,58.4,HIGH,FUNDING_POLICY_VIOLATION
852,False,0.256,46.0,HIGH,FUNDING_POLICY_VIOLATION
853,False,0.692,39.9,HIGH,FUNDING_POLICY_VIOLATION
854,True,0.712,58.5,HIGH,HIGH_DEFAULT_RISK
855,True,0.296,49.9,MEDIUM,POOR_BUSINESS_HEALTH
856,False,0.211,42.4,HIGH,FUNDING_POLICY_VIOLATION
857,False,0.729,45.7,HIGH,FUNDING_POLICY_VIOLATION
858,True,0.417,47.5,MEDIUM,POOR_BUSINESS_HEALTH
859,True,0.55,50.6,LOW,ALL_OK
860,True,0.401,46.4,MEDIUM,POOR_BUSINESS_HEALTH
861,False,0.763,51.5,HIGH,FUNDING_POLICY_VIOLATION
862,True,0.892,55.4,HIGH,HIGH_DEFAULT_RISK
863,True,0.834,51.0,HIGH,HIGH_DEFAULT_RISK
864,True,0.846,59.1,HIGH,HIGH_DEFAULT_RISK
865,True,0.697,51.6,HIGH,HIGH_DEFAULT_RISK
866,True,0.632,51.9,HIGH,HIGH_DEFAULT_RISK
867,False,0.739,51.3,HIGH,FUNDING_POLICY_VIOLATION
868,False,0.333,47.8,HIGH,FUNDING_POLICY_VIOLATION
869,True,0.412,51.9,LOW,ALL_OK
870,True,0.847,57.7,HIGH,HIGH_DEFAULT_RISK
871,False,0.275,41.7,HIGH,FUNDING_POLICY_VIOLATION
872,False,0.283,47.4,HIGH,FUNDING_POLICY_VIOLATION
873,False,0.303,53.2,HIGH,FUNDING_POLICY_VIOLATION
874,False,0.329,43.3,HIGH,FUNDING_POLICY_VIOLATION
875,True,0.456,48.5,MEDIUM,POOR_BUSINESS_HEALTH
876,True,0.834,52.6,HIGH,HIGH_DEFAULT_RISK
877,False,0.533,49.8,HIGH,FUNDING_POLICY_VIOLATION
878,True,0.728,45.6,HIGH,HIGH_DEFAULT_RISK|POOR_BUSINESS_HEALTH
879,True,0.816,54.6,HIGH,HIGH_DEFAULT_RISK
880,True,0.267,42.7,MEDIUM,POOR_BUSINESS_HEALTH
882,False,0.705,36.1,HIGH,FUNDING_POLICY_VIOLATION
883,False,0.868,54.7,HIGH,FUNDING_POLICY_VIOLATION
884,True,0.71,47.1,HIGH,HIGH_DEFAULT_RISK|POOR_BUSINESS_HEALTH
886,True,0.603,60.0,HIGH,HIGH_DEFAULT_RISK
887,False,0.896,52.5,HIGH,FUNDING_POLICY_VIOLATION
888,False,0.237,45.3,HIGH,FUNDING_POLICY_VIOLATION
889,True,0.716,52.7,HIGH,HIGH_DEFAULT_RISK
890,True,0.54,52.5,LOW,ALL_OK
891,True,0.449,51.8,LOW,ALL_OK
892,False,0.585,53.0,HIGH,FUNDING_POLICY_VIOLATION
893,True,0.819,55.2,HIGH,HIGH_DEFAULT_RISK
894,True,0.79,49.7,HIGH,HIGH_DEFAULT_RISK|POOR_BUSINESS_HEALTH
895,True,0.521,55.4,LOW,ALL_OK
896,True,0.351,63.3,LOW,ALL_OK
897,True,0.804,48.7,HIGH,HIGH_DEFAULT_RISK|POOR_BUSINESS_HEALTH
898,False,0.496,54.7,HIGH,FUNDING_POLICY_VIOLATION
899,True,0.355,44.5,MEDIUM,POOR_BUSINESS_HEALTH
900,True,0.565,50.7,LOW,ALL_OK
901,True,0.41,51.5,LOW,ALL_OK
902,True,0.901,53.0,HIGH,HIGH_DEFAULT_RISK
903,False,0.828,52.6,HIGH,FUNDING_POLICY_VIOLATION
904,True,0.782,54.8,HIGH,HIGH_DEFAULT_RISK
905,False,0.561,48.4,HIGH,FUNDING_POLICY_VIOLATION
906,True,0.257,50.7,LOW,ALL_OK
907,True,0.87,57.0,HIGH,HIGH_DEFAULT_RISK
908,False,0.476,55.9,HIGH,FUNDING_POLICY_VIOLATION
909,False,0.755,46.3,HIGH,FUNDING_POLICY_VIOLATION
910,True,0.772,64.1,HIGH,HIGH_DEFAULT_RISK
911,False,0.83,54.5,HIGH,FUNDING_POLICY_VIOLATION
912,False,0.277,52.7,HIGH,FUNDING_POLICY_VIOLATION
913,False,0.323,48.1,HIGH,FUNDING_POLICY_VIOLATION
914,True,0.414,53.7,LOW,ALL_OK
915,True,0.846,56.3,HIGH,HIGH_DEFAULT_RISK
916,True,0.712,53.4,HIGH,HIGH_DEFAULT_RISK
917,False,0.29,44.0,HIGH,FUNDING_POLICY_VIOLATION
918,True,0.835,53.8,HIGH,HIGH_DEFAULT_RISK
919,False,0.181,41.2,HIGH,FUNDING_POLICY_VIOLATION
920,False,0.483,50.2,HIGH,FUNDING_POLICY_VIOLATION
921,False,0.7,44.6,HIGH,FUNDING_POLICY_VIOLATION
922,True,0.416,49.8,MEDIUM,POOR_BUSINESS_HEALTH
923,True,0.711,46.6,HIGH,HIGH_DEFAULT_RISK|POOR_BUSINESS_HEALTH
924,False,0.273,41.1,HIGH,FUNDING_POLICY_VIOLATION
925,True,0.728,54.6,HIGH,HIGH_DEFAULT_RISK
926,True,0.853,56.1,HIGH,HIGH_DEFAULT_RISK
927,True,0.359,52.2,LOW,ALL_OK
928,True,0.393,50.8,LOW,ALL_OK
929,True,0.819,64.4,HIGH,HIGH_DEFAULT_RISK
930,True,0.417,52.5,LOW,ALL_OK
931,True,0.598,50.2,LOW,ALL_OK
932,True,0.856,49.5,HIGH,HIGH_DEFAULT_RISK|POOR_BUSINESS_HEALTH
933,False,0.673,40.1,HIGH,FUNDING_POLICY_VIOLATION
934,False,0.708,50.6,HIGH,FUNDING_POLICY_VIOLATION
935,True,0.603,54.0,HIGH,HIGH_DEFAULT_RISK
936,True,0.7,54.1,HIGH,HIGH_DEFAULT_RISK
937,False,0.31,48.7,HIGH,FUNDING_POLICY_VIOLATION
938,True,0.28,42.7,MEDIUM,POOR_BUSINESS_HEALTH
939,False,0.226,44.1,HIGH,FUNDING_POLICY_VIOLATION
940,True,0.83,55.6,HIGH,HIGH_DEFAULT_RISK
941,True,0.255,48.2,MEDIUM,POOR_BUSINESS_HEALTH
942,False,0.839,50.0,HIGH,FUNDING_POLICY_VIOLATION
943,True,0.288,49.1,MEDIUM,POOR_BUSINESS_HEALTH
944,True,0.522,51.5,LOW,ALL_OK
945,True,0.29,37.5,MEDIUM,POOR_BUSINESS_HEALTH
946,False,0.409,41.8,HIGH,FUNDING_POLICY_VIOLATION
947,True,0.86,52.5,HIGH,HIGH_DEFAULT_RISK
949,True,0.841,50.9,HIGH,HIGH_DEFAULT_RISK
950,True,0.513,34.2,MEDIUM,POOR_BUSINESS_HEALTH
951,True,0.802,51.2,HIGH,HIGH_DEFAULT_RISK
952,True,0.302,44.6,MEDIUM,POOR_BUSINESS_HEALTH
953,True,0.274,46.2,MEDIUM,POOR_BUSINESS_HEALTH
954,True,0.68,49.4,HIGH,HIGH_DEFAULT_RISK|POOR_BUSINESS_HEALTH
955,False,0.692,46.7,HIGH,FUNDING_POLICY_VIOLATION
956,True,0.821,63.8,HIGH,HIGH_DEFAULT_RISK
957,False,0.766,55.2,HIGH,FUNDING_POLICY_VIOLATION
958,True,0.434,33.9,MEDIUM,POOR_BUSINESS_HEALTH
959,True,0.629,53.0,HIGH,HIGH_DEFAULT_RISK
960,False,0.33,47.7,HIGH,FUNDING_POLICY_VIOLATION
961,False,0.674,48.8,HIGH,FUNDING_POLICY_VIOLATION
962,True,0.852,51.6,HIGH,HIGH_DEFAULT_RISK
963,False,0.757,50.0,HIGH,FUNDING_POLICY_VIOLATION
964,True,0.651,40.8,HIGH,HIGH_DEFAULT_RISK|POOR_BUSINESS_HEALTH
965,True,0.717,63.1,HIGH,HIGH_DEFAULT_RISK
966,True,0.754,53.2,HIGH,HIGH_DEFAULT_RISK
967,True,0.722,56.9,HIGH,HIGH_DEFAULT_RISK
968,False,0.526,41.2,HIGH,FUNDING_POLICY_VIOLATION
969,False,0.613,54.2,HIGH,FUNDING_POLICY_VIOLATION
970,False,0.656,41.1,HIGH,FUNDING_POLICY_VIOLATION
971,False,0.226,25.8,HIGH,FUNDING_POLICY_VIOLATION
972,True,0.793,54.0,HIGH,HIGH_DEFAULT_RISK
973,True,0.331,48.1,MEDIUM,POOR_BUSINESS_HEALTH
974,True,0.839,63.1,HIGH,HIGH_DEFAULT_RISK
975,True,0.839,65.9,HIGH,HIGH_DEFAULT_RISK
976,True,0.798,55.2,HIGH,HIGH_DEFAULT_RISK
977,True,0.29,49.5,MEDIUM,POOR_BUSINESS_HEALTH
978,False,0.75,50.1,HIGH,FUNDING_POLICY_VIOLATION
979,True,0.651,48.5,HIGH,HIGH_DEFAULT_RISK|POOR_BUSINESS_HEALTH
980,True,0.857,65.6,HIGH,HIGH_DEFAULT_RISK
981,True,0.856,60.0,HIGH,HIGH_DEFAULT_RISK
982,True,0.659,49.5,HIGH,HIGH_DEFAULT_RISK|POOR_BUSINESS_HEALTH
983,True,0.634,52.6,HIGH,HIGH_DEFAULT_RISK
984,True,0.763,50.4,HIGH,HIGH_DEFAULT_RISK
985,True,0.456,43.7,MEDIUM,POOR_BUSINESS_HEALTH
986,False,0.444,41.6,HIGH,FUNDING_POLICY_VIOLATION
987,True,0.673,55.0,HIGH,HIGH_DEFAULT_RISK
988,True,0.795,48.2,HIGH,HIGH_DEFAULT_RISK|POOR_BUSINESS_HEALTH
989,False,0.312,50.4,HIGH,FUNDING_POLICY_VIOLATION
990,False,0.282,52.0,HIGH,FUNDING_POLICY_VIOLATION
991,True,0.484,60.7,LOW,ALL_OK
992,True,0.474,47.9,MEDIUM,POOR_BUSINESS_HEALTH
993,True,0.789,50.0,HIGH,HIGH_DEFAULT_RISK
994,True,0.384,47.6,MEDIUM,POOR_BUSINESS_HEALTH
995,False,0.865,49.4,HIGH,FUNDING_POLICY_VIOLATION
996,True,0.456,52.4,LOW,ALL_OK
997,True,0.669,48.9,HIGH,HIGH_DEFAULT_RISK|POOR_BUSINESS_HEALTH
998,False,0.413,38.1,HIGH,FUNDING_POLICY_VIOLATION
999,True,0.66,37.4,HIGH,HIGH_DEFAULT_RISK|POOR_BUSINESS_HEALTH
1000,True,0.862,53.1,HIGH,HIGH_DEFAULT_RISK
1001,True,0.348,48.1,MEDIUM,POOR_BUSINESS_HEALTH
1002,False,0.795,45.1,HIGH,FUNDING_POLICY_VIOLATION
1003,True,0.787,61.1,HIGH,HIGH_DEFAULT_RISK
1004,True,0.859,54.7,HIGH,HIGH_DEFAULT_RISK
1005,True,0.679,43.8,HIGH,HIGH_DEFAULT_RISK|POOR_BUSINESS_HEALTH
1006,False,0.887,51.9,HIGH,FUNDING_POLICY_VIOLATION
1007,True,0.281,52.6,LOW,ALL_OK
1008,False,0.3,44.3,HIGH,FUNDING_POLICY_VIOLATION
1009,True,0.738,52.0,HIGH,HIGH_DEFAULT_RISK
1010,False,0.811,42.5,HIGH,FUNDING_POLICY_VIOLATION
1011,True,0.515,44.4,MEDIUM,POOR_BUSINESS_HEALTH
1012,True,0.389,48.2,MEDIUM,POOR_BUSINESS_HEALTH
1013,True,0.221,56.6,LOW,ALL_OK
1014,False,0.819,47.6,HIGH,FUNDING_POLICY_VIOLATION
1015,True,0.75,47.1,HIGH,HIGH_DEFAULT_RISK|POOR_BUSINESS_HEALTH
1016,True,0.455,56.3,LOW,ALL_OK
1017,False,0.828,60.6,HIGH,FUNDING_POLICY_VIOLATION
1019,True,0.677,48.0,HIGH,HIGH_DEFAULT_RISK|POOR_BUSINESS_HEALTH
1020,True,0.624,49.2,HIGH,HIGH_DEFAULT_RISK|POOR_BUSINESS_HEALTH
1021,True,0.748,54.7,HIGH,HIGH_DEFAULT_RISK
1022,False,0.657,52.5,HIGH,FUNDING_POLICY_VIOLATION
1023,True,0.826,50.2,HIGH,HIGH_DEFAULT_RISK
1024,True,0.393,63.0,LOW,ALL_OK
1025,True,0.224,37.4,MEDIUM,POOR_BUSINESS_HEALTH
1026,True,0.813,52.5,HIGH,HIGH_DEFAULT_RISK
1027,True,0.871,54.1,HIGH,HIGH_DEFAULT_RISK
1028,True,0.869,55.8,HIGH,HIGH_DEFAULT_RISK
1029,False,0.483,41.7,HIGH,FUNDING_POLICY_VIOLATION
1030,True,0.743,50.1,HIGH,HIGH_DEFAULT_RISK
1032,False,0.694,42.6,HIGH,FUNDING_POLICY_VIOLATION
1033,True,0.443,51.1,LOW,ALL_OK
1034,False,0.421,45.6,HIGH,FUNDING_POLICY_VIOLATION
1035,True,0.42,48.2,MEDIUM,POOR_BUSINESS_HEALTH
1036,True,0.292,46.0,MEDIUM,POOR_BUSINESS_HEALTH
1037,False,0.397,46.0,HIGH,FUNDING_POLICY_VIOLATION
1038,True,0.81,50.6,HIGH,HIGH_DEFAULT_RISK
1039,True,0.161,40.4,MEDIUM,POOR_BUSINESS_HEALTH
1040,False,0.387,48.4,HIGH,FUNDING_POLICY_VIOLATION
1041,True,0.337,47.2,MEDIUM,POOR_BUSINESS_HEALTH
1042,True,0.433,53.8,LOW,ALL_OK
1043,True,0.351,53.6,LOW,ALL_OK
1044,True,0.831,49.2,HIGH,HIGH_DEFAULT_RISK|POOR_BUSINESS_HEALTH
1045,True,0.306,49.9,MEDIUM,POOR_BUSINESS_HEALTH
1046,False,0.223,41.2,HIGH,FUNDING_POLICY_VIOLATION
1047,True,0.872,58.6,HIGH,HIGH_DEFAULT_RISK
1048,True,0.681,51.0,HIGH,HIGH_DEFAULT_RISK
1049,True,0.284,43.8,MEDIUM,POOR_BUSINESS_HEALTH
1050,True,0.774,54.9,HIGH,HIGH_DEFAULT_RISK
1051,False,0.626,40.7,HIGH,FUNDING_POLICY_VIOLATION
1052,False,0.364,48.8,HIGH,FUNDING_POLICY_VIOLATION
1053,True,0.368,47.0,MEDIUM,POOR_BUSINESS_HEALTH
1054,False,0.812,50.1,HIGH,FUNDING_POLICY_VIOLATION
1055,False,0.729,70.6,HIGH,FUNDING_POLICY_VIOLATION
1056,False,0.806,55.6,HIGH,FUNDING_POLICY_VIOLATION
1057,False,0.495,48.0,HIGH,FUNDING_POLICY_VIOLATION
1058,True,0.671,55.5,HIGH,HIGH_DEFAULT_RISK
1059,False,0.416,46.2,HIGH,FUNDING_POLICY_VIOLATION
1060,True,0.819,53.8,HIGH,HIGH_DEFAULT_RISK
1061,True,0.834,55.2,HIGH,HIGH_DEFAULT_RISK
1062,False,0.662,39.4,HIGH,FUNDING_POLICY_VIOLATION
1063,True,0.373,56.2,LOW,ALL_OK
1064,False,0.846,50.6,HIGH,FUNDING_POLICY_VIOLATION
1065,False,0.314,43.1,HIGH,FUNDING_POLICY_VIOLATION
1066,True,0.817,56.1,HIGH,HIGH_DEFAULT_RISK
1067,False,0.422,45.4,HIGH,FUNDING_POLICY_VIOLATION
1068,False,0.461,46.8,HIGH,FUNDING_POLICY_VIOLATION
1069,True,0.807,50.6,HIGH,HIGH_DEFAULT_RISK
1070,True,0.412,49.6,MEDIUM,POOR_BUSINESS_HEALTH
1071,False,0.753,53.6,HIGH,FUNDING_POLICY_VIOLATION
1072,True,0.744,55.9,HIGH,HIGH_DEFAULT_RISK
1073,True,0.524,51.6,LOW,ALL_OK
1074,True,0.483,57.4,LOW,ALL_OK
1075,False,0.423,49.6,HIGH,FUNDING_POLICY_VIOLATION
1076,True,0.604,49.1,HIGH,HIGH_DEFAULT_RISK|POOR_BUSINESS_HEALTH
1078,False,0.313,46.4,HIGH,FUNDING_POLICY_VIOLATION
1079,True,0.654,52.0,HIGH,HIGH_DEFAULT_RISK
1080,True,0.421,51.8,LOW,ALL_OK
1081,True,0.839,55.8,HIGH,HIGH_DEFAULT_RISK
1082,True,0.403,48.8,MEDIUM,POOR_BUSINESS_HEALTH
1083,False,0.283,37.7,HIGH,FUNDING_POLICY_VIOLATION
1084,True,0.605,52.9,HIGH,HIGH_DEFAULT_RISK
1085,True,0.279,41.5,MEDIUM,POOR_BUSINESS_HEALTH
1086,False,0.27,46.9,HIGH,FUNDING_POLICY_VIOLATION
1087,True,0.456,52.6,LOW,ALL_OK
1088,True,0.628,52.5,HIGH,HIGH_DEFAULT_RISK
1089,True,0.257,42.6,MEDIUM,POOR_BUSINESS_HEALTH
1090,True,0.823,57.2,HIGH,HIGH_DEFAULT_RISK
1091,False,0.821,54.7,HIGH,FUNDING_POLICY_VIOLATION
1092,True,0.828,53.9,HIGH,HIGH_DEFAULT_RISK
1094,False,0.206,45.6,HIGH,FUNDING_POLICY_VIOLATION
1095,False,0.376,51.1,HIGH,FUNDING_POLICY_VIOLATION
1096,True,0.448,56.6,LOW,ALL_OK
1097,True,0.303,55.0,LOW,ALL_OK
1098,True,0.738,55.9,HIGH,HIGH_DEFAULT_RISK
1099,True,0.839,48.1,HIGH,HIGH_DEFAULT_RISK|POOR_BUSINESS_HEALTH
1100,True,0.695,49.9,HIGH,HIGH_DEFAULT_RISK|POOR_BUSINESS_HEALTH
1101,False,0.318,45.0,HIGH,FUNDING_POLICY_VIOLATION
1102,True,0.614,50.6,HIGH,HIGH_DEFAULT_RISK
1103,True,0.752,60.1,HIGH,HIGH_DEFAULT_RISK
1104,True,0.39,50.7,LOW,ALL_OK
1105,False,0.359,51.2,HIGH,FUNDING_POLICY_VIOLATION
1106,True,0.766,51.7,HIGH,HIGH_DEFAULT_RISK
1107,False,0.765,52.2,HIGH,FUNDING_POLICY_VIOLATION
1108,True,0.41,47.9,MEDIUM,POOR_BUSINESS_HEALTH
1109,True,0.883,57.9,HIGH,HIGH_DEFAULT_RISK
1110,True,0.298,51.5,LOW,ALL_OK
1111,False,0.573,49.6,HIGH,FUNDING_POLICY_VIOLATION
1112,False,0.241,46.2,HIGH,FUNDING_POLICY_VIOLATION
1113,True,0.406,50.9,LOW,ALL_OK
1114,True,0.708,60.6,HIGH,HIGH_DEFAULT_RISK
1115,False,0.64,50.0,HIGH,FUNDING_POLICY_VIOLATION
1116,True,0.543,48.8,MEDIUM,POOR_BUSINESS_HEALTH
1117,True,0.701,52.2,HIGH,HIGH_DEFAULT_RISK
1118,False,0.804,54.1,HIGH,FUNDING_POLICY_VIOLATION
1119,True,0.796,59.9,HIGH,HIGH_DEFAULT_RISK
1120,True,0.742,41.9,HIGH,HIGH_DEFAULT_RISK|POOR_BUSINESS_HEALTH
1121,False,0.71,57.8,HIGH,FUNDING_POLICY_VIOLATION
1122,True,0.402,56.4,LOW,ALL_OK
1123,True,0.586,51.6,LOW,ALL_OK
1124,True,0.474,50.0,MEDIUM,POOR_BUSINESS_HEALTH
1125,True,0.444,47.4,MEDIUM,POOR_BUSINESS_HEALTH
1126,True,0.829,48.8,HIGH,HIGH_DEFAULT_RISK|POOR_BUSINESS_HEALTH
1127,False,0.717,49.9,HIGH,FUNDING_POLICY_VIOLATION
1128,True,0.64,50.3,HIGH,HIGH_DEFAULT_RISK
1129,True,0.795,48.7,HIGH,HIGH_DEFAULT_RISK|POOR_BUSINESS_HEALTH
1130,True,0.379,47.6,MEDIUM,POOR_BUSINESS_HEALTH
1131,True,0.698,51.6,HIGH,HIGH_DEFAULT_RISK
1132,True,0.298,45.3,MEDIUM,POOR_BUSINESS_HEALTH
1133,True,0.727,44.0,HIGH,HIGH_DEFAULT_RISK|POOR_BUSINESS_HEALTH
1134,True,0.72,54.0,HIGH,HIGH_DEFAULT_RISK
1135,True,0.78,57.3,HIGH,HIGH_DEFAULT_RISK
1136,True,0.479,52.3,LOW,ALL_OK
1137,True,0.726,52.3,HIGH,HIGH_DEFAULT_RISK
1138,False,0.535,45.8,HIGH,FUNDING_POLICY_VIOLATION
1139,True,0.691,58.5,HIGH,HIGH_DEFAULT_RISK
1140,True,0.767,43.7,HIGH,HIGH_DEFAULT_RISK|POOR_BUSINESS_HEALTH
1141,True,0.871,56.0,HIGH,HIGH_DEFAULT_RISK
1142,True,0.699,40.4,HIGH,HIGH_DEFAULT_RISK|POOR_BUSINESS_HEALTH
1143,True,0.353,47.9,MEDIUM,POOR_BUSINESS_HEALTH
1144,False,0.377,54.4,HIGH,FUNDING_POLICY_VIOLATION
1145,True,0.703,50.2,HIGH,HIGH_DEFAULT_RISK
1146,True,0.383,47.8,MEDIUM,POOR_BUSINESS_HEALTH
1147,False,0.822,43.0,HIGH,FUNDING_POLICY_VIOLATION
1148,True,0.392,53.9,LOW,ALL_OK
1149,True,0.582,53.2,LOW,ALL_OK
1150,False,0.311,37.4,HIGH,FUNDING_POLICY_VIOLATION
1151,True,0.613,48.9,HIGH,HIGH_DEFAULT_RISK|POOR_BUSINESS_HEALTH
1152,True,0.804,52.8,HIGH,HIGH_DEFAULT_RISK
1154,True,0.853,49.7,HIGH,HIGH_DEFAULT_RISK|POOR_BUSINESS_HEALTH
1155,True,0.634,58.5,HIGH,HIGH_DEFAULT_RISK
1156,False,0.56,46.0,HIGH,FUNDING_POLICY_VIOLATION
1157,False,0.656,44.8,HIGH,FUNDING_POLICY_VIOLATION
1158,True,0.189,33.7,MEDIUM,POOR_BUSINESS_HEALTH
1159,True,0.8,53.2,HIGH,HIGH_DEFAULT_RISK
1160,True,0.753,53.6,HIGH,HIGH_DEFAULT_RISK
1161,False,0.339,38.3,HIGH,FUNDING_POLICY_VIOLATION
1162,True,0.803,70.8,HIGH,HIGH_DEFAULT_RISK
1163,True,0.741,46.3,HIGH,HIGH_DEFAULT_RISK|POOR_BUSINESS_HEALTH
1164,False,0.357,42.4,HIGH,FUNDING_POLICY_VIOLATION
1165,False,0.718,41.6,HIGH,FUNDING_POLICY_VIOLATION
1166,True,0.262,41.3,MEDIUM,POOR_BUSINESS_HEALTH
1167,True,0.745,50.3,HIGH,HIGH_DEFAULT_RISK
1168,True,0.732,53.0,HIGH,HIGH_DEFAULT_RISK
1169,True,0.77,50.5,HIGH,HIGH_DEFAULT_RISK
1170,True,0.843,55.1,HIGH,HIGH_DEFAULT_RISK
1171,False,0.362,46.3,HIGH,FUNDING_POLICY_VIOLATION
1172,True,0.674,63.1,HIGH,HIGH_DEFAULT_RISK
1173,False,0.509,54.8,HIGH,FUNDING_POLICY_VIOLATION
1174,True,0.826,54.2,HIGH,HIGH_DEFAULT_RISK
1175,False,0.573,38.6,HIGH,FUNDING_POLICY_VIOLATION
1176,False,0.659,40.7,HIGH,FUNDING_POLICY_VIOLATION
1177,False,0.873,35.5,HIGH,FUNDING_POLICY_VIOLATION
1178,False,0.82,59.2,HIGH,FUNDING_POLICY_VIOLATION
1179,True,0.428,47.3,MEDIUM,POOR_BUSINESS_HEALTH
1180,True,0.505,49.7,MEDIUM,POOR_BUSINESS_HEALTH
1181,True,0.648,53.3,HIGH,HIGH_DEFAULT_RISK
1182,True,0.831,53.3,HIGH,HIGH_DEFAULT_RISK
1183,False,0.695,48.7,HIGH,FUNDING_POLICY_VIOLATION
1184,True,0.551,46.3,MEDIUM,POOR_BUSINESS_HEALTH
1185,False,0.618,40.3,HIGH,FUNDING_POLICY_VIOLATION
1186,False,0.428,66.4,HIGH,FUNDING_POLICY_VIOLATION
1187,False,0.402,50.9,HIGH,FUNDING_POLICY_VIOLATION
1188,True,0.716,52.4,HIGH,HIGH_DEFAULT_RISK
1189,True,0.83,54.4,HIGH,HIGH_DEFAULT_RISK
1190,False,0.179,49.6,HIGH,FUNDING_POLICY_VIOLATION
1191,True,0.471,49.2,MEDIUM,POOR_BUSINESS_HEALTH
1192,True,0.786,49.4,HIGH,HIGH_DEFAULT_RISK|POOR_BUSINESS_HEALTH
1193,True,0.35,41.5,MEDIUM,POOR_BUSINESS_HEALTH
1194,True,0.438,55.3,LOW,ALL_OK
1195,False,0.862,61.9,HIGH,FUNDING_POLICY_VIOLATION
1196,False,0.482,50.9,HIGH,FUNDING_POLICY_VIOLATION
1197,False,0.53,42.1,HIGH,FUNDING_POLICY_VIOLATION
1198,False,0.805,49.7,HIGH,FUNDING_POLICY_VIOLATION
1199,True,0.859,52.7,HIGH,HIGH_DEFAULT_RISK
1200,True,0.263,51.0,LOW,ALL_OK
1201,True,0.69,63.9,HIGH,HIGH_DEFAULT_RISK
1202,True,0.667,54.0,HIGH,HIGH_DEFAULT_RISK
1203,True,0.399,48.6,MEDIUM,POOR_BUSINESS_HEALTH
1204,True,0.36,51.3,LOW,ALL_OK
1205,False,0.341,38.5,HIGH,FUNDING_POLICY_VIOLATION
1206,False,0.605,42.7,HIGH,FUNDING_POLICY_VIOLATION
1207,False,0.215,35.2,HIGH,FUNDING_POLICY_VIOLATION
1208,True,0.327,57.4,LOW,ALL_OK
1209,True,0.383,53.2,LOW,ALL_OK
1210,True,0.774,49.6,HIGH,HIGH_DEFAULT_RISK|POOR_BUSINESS_HEALTH
1211,True,0.711,48.5,HIGH,HIGH_DEFAULT_RISK|POOR_BUSINESS_HEALTH
1212,False,0.773,45.1,HIGH,FUNDING_POLICY_VIOLATION
1213,True,0.765,53.8,HIGH,HIGH_DEFAULT_RISK
1214,True,0.388,55.4,LOW,ALL_OK
1215,True,0.458,51.4,LOW,ALL_OK
1216,True,0.677,56.9,HIGH,HIGH_DEFAULT_RISK
1217,False,0.233,45.2,HIGH,FUNDING_POLICY_VIOLATION
1218,False,0.4,53.0,HIGH,FUNDING_POLICY_VIOLATION
1219,False,0.415,57.2,HIGH,FUNDING_POLICY_VIOLATION
1220,True,0.565,63.7,LOW,ALL_OK
1221,False,0.304,41.2,HIGH,FUNDING_POLICY_VIOLATION
1222,True,0.39,49.2,MEDIUM,POOR_BUSINESS_HEALTH
1223,False,0.711,56.4,HIGH,FUNDING_POLICY_VIOLATION
1224,True,0.544,49.5,MEDIUM,POOR_BUSINESS_HEALTH
1225,False,0.368,44.0,HIGH,FUNDING_POLICY_VIOLATION
1226,False,0.851,51.3,HIGH,FUNDING_POLICY_VIOLATION
1227,False,0.359,50.1,HIGH,FUNDING_POLICY_VIOLATION
1228,True,0.574,49.1,MEDIUM,POOR_BUSINESS_HEALTH
1229,True,0.447,52.4,LOW,ALL_OK
1230,True,0.501,37.9,MEDIUM,POOR_BUSINESS_HEALTH
1231,False,0.278,40.5,HIGH,FUNDING_POLICY_VIOLATION
1232,False,0.257,41.4,HIGH,FUNDING_POLICY_VIOLATION
1233,False,0.656,52.9,HIGH,FUNDING_POLICY_VIOLATION
1234,True,0.41,59.5,LOW,ALL_OK
1235,True,0.308,41.5,MEDIUM,POOR_BUSINESS_HEALTH
1236,True,0.209,38.7,MEDIUM,POOR_BUSINESS_HEALTH
1237,True,0.781,73.1,HIGH,HIGH_DEFAULT_RISK
1238,False,0.234,39.4,HIGH,FUNDING_POLICY_VIOLATION
1239,False,0.72,52.1,HIGH,FUNDING_POLICY_VIOLATION
1240,True,0.726,45.4,HIGH,HIGH_DEFAULT_RISK|POOR_BUSINESS_HEALTH
1241,True,0.767,41.6,HIGH,HIGH_DEFAULT_RISK|POOR_BUSINESS_HEALTH
1242,True,0.832,57.5,HIGH,HIGH_DEFAULT_RISK
1243,False,0.422,45.1,HIGH,FUNDING_POLICY_VIOLATION
1244,True,0.367,50.8,LOW,ALL_OK
1245,True,0.472,43.8,MEDIUM,POOR_BUSINESS_HEALTH
1246,True,0.72,51.0,HIGH,HIGH_DEFAULT_RISK
1247,True,0.839,54.1,HIGH,HIGH_DEFAULT_RISK
1248,False,0.835,56.0,HIGH,FUNDING_POLICY_VIOLATION
1249,True,0.247,53.5,LOW,ALL_OK
1250,False,0.295,41.2,HIGH,FUNDING_POLICY_VIOLATION
1251,True,0.797,52.7,HIGH,HIGH_DEFAULT_RISK
1252,True,0.776,54.1,HIGH,HIGH_DEFAULT_RISK
1253,True,0.434,54.9,LOW,ALL_OK
1254,True,0.715,60.1,HIGH,HIGH_DEFAULT_RISK
1255,True,0.844,55.3,HIGH,HIGH_DEFAULT_RISK
1256,False,0.713,57.9,HIGH,FUNDING_POLICY_VIOLATION
1257,True,0.37,53.2,LOW,ALL_OK
1258,False,0.842,49.7,HIGH,FUNDING_POLICY_VIOLATION
1259,True,0.843,58.8,HIGH,HIGH_DEFAULT_RISK
1260,False,0.243,44.8,HIGH,FUNDING_POLICY_VIOLATION
1261,True,0.246,44.9,MEDIUM,POOR_BUSINESS_HEALTH
1262,True,0.627,52.1,HIGH,HIGH_DEFAULT_RISK
1263,False,0.392,44.6,HIGH,FUNDING_POLICY_VIOLATION
1264,True,0.688,50.7,HIGH,HIGH_DEFAULT_RISK
1265,True,0.243,53.4,LOW,ALL_OK
1266,True,0.846,49.1,HIGH,HIGH_DEFAULT_RISK|POOR_BUSINESS_HEALTH
1267,False,0.431,40.3,HIGH,FUNDING_POLICY_VIOLATION
1268,True,0.548,50.6,LOW,ALL_OK
1269,True,0.77,51.4,HIGH,HIGH_DEFAULT_RISK
1270,True,0.71,52.3,HIGH,HIGH_DEFAULT_RISK
1271,False,0.229,39.0,HIGH,FUNDING_POLICY_VIOLATION
1272,False,0.223,35.6,HIGH,FUNDING_POLICY_VIOLATION
1273,True,0.858,57.1,HIGH,HIGH_DEFAULT_RISK
1274,True,0.429,50.3,LOW,ALL_OK
1275,False,0.759,57.8,HIGH,FUNDING_POLICY_VIOLATION
1276,True,0.743,48.2,HIGH,HIGH_DEFAULT_RISK|POOR_BUSINESS_HEALTH
1277,True,0.799,56.6,HIGH,HIGH_DEFAULT_RISK
1278,False,0.375,58.8,HIGH,FUNDING_POLICY_VIOLATION
1279,True,0.891,31.4,HIGH,HIGH_DEFAULT_RISK|POOR_BUSINESS_HEALTH
1280,True,0.725,47.0,HIGH,HIGH_DEFAULT_RISK|POOR_BUSINESS_HEALTH
1281,False,0.818,52.1,HIGH,FUNDING_POLICY_VIOLATION
1282,True,0.633,45.8,HIGH,HIGH_DEFAULT_RISK|POOR_BUSINESS_HEALTH
1284,True,0.665,48.6,HIGH,HIGH_DEFAULT_RISK|POOR_BUSINESS_HEALTH
1285,False,0.715,39.5,HIGH,FUNDING_POLICY_VIOLATION
1286,True,0.649,51.7,HIGH,HIGH_DEFAULT_RISK
1287,True,0.845,57.3,HIGH,HIGH_DEFAULT_RISK
1288,False,0.423,39.4,HIGH,FUNDING_POLICY_VIOLATION
1289,False,0.874,53.1,HIGH,FUNDING_POLICY_VIOLATION
1290,True,0.221,50.4,LOW,ALL_OK
1291,True,0.381,49.7,MEDIUM,POOR_BUSINESS_HEALTH
1293,True,0.866,69.6,HIGH,HIGH_DEFAULT_RISK
1294,True,0.76,51.2,HIGH,HIGH_DEFAULT_RISK
1295,False,0.138,33.8,HIGH,FUNDING_POLICY_VIOLATION
1296,False,0.815,48.2,HIGH,FUNDING_POLICY_VIOLATION
1297,True,0.741,54.4,HIGH,HIGH_DEFAULT_RISK
1298,False,0.47,39.4,HIGH,FUNDING_POLICY_VIOLATION
1299,False,0.342,45.8,HIGH,FUNDING_POLICY_VIOLATION
1300,True,0.765,54.5,HIGH,HIGH_DEFAULT_RISK
1301,True,0.64,49.1,HIGH,HIGH_DEFAULT_RISK|POOR_BUSINESS_HEALTH
1302,False,0.456,50.7,HIGH,FUNDING_POLICY_VIOLATION
1303,True,0.684,49.0,HIGH,HIGH_DEFAULT_RISK|POOR_BUSINESS_HEALTH
1304,False,0.369,48.7,HIGH,FUNDING_POLICY_VIOLATION
1305,True,0.728,55.9,HIGH,HIGH_DEFAULT_RISK
1306,False,0.675,50.3,HIGH,FUNDING_POLICY_VIOLATION
1307,True,0.41,47.7,MEDIUM,POOR_BUSINESS_HEALTH
1308,True,0.818,57.7,HIGH,HIGH_DEFAULT_RISK
1309,True,0.836,57.4,HIGH,HIGH_DEFAULT_RISK
1310,True,0.826,50.3,HIGH,HIGH_DEFAULT_RISK
1311,False,0.396,55.9,HIGH,FUNDING_POLICY_VIOLATION
1312,False,0.72,57.1,HIGH,FUNDING_POLICY_VIOLATION
1313,True,0.875,58.4,HIGH,HIGH_DEFAULT_RISK
1314,False,0.709,51.2,HIGH,FUNDING_POLICY_VIOLATION
1315,True,0.822,49.7,HIGH,HIGH_DEFAULT_RISK|POOR_BUSINESS_HEALTH
1316,False,0.736,52.6,HIGH,FUNDING_POLICY_VIOLATION
1317,True,0.775,57.1,HIGH,HIGH_DEFAULT_RISK
1318,False,0.356,44.5,HIGH,FUNDING_POLICY_VIOLATION
1319,False,0.477,46.3,HIGH,FUNDING_POLICY_VIOLATION
1320,True,0.683,51.7,HIGH,HIGH_DEFAULT_RISK
1321,True,0.668,53.1,HIGH,HIGH_DEFAULT_RISK
1322,False,0.659,55.6,HIGH,FUNDING_POLICY_VIOLATION
1323,False,0.435,42.2,HIGH,FUNDING_POLICY_VIOLATION
1324,True,0.386,51.8,LOW,ALL_OK
1325,True,0.401,48.7,MEDIUM,POOR_BUSINESS_HEALTH
1326,True,0.334,50.7,LOW,ALL_OK
1327,True,0.652,50.4,HIGH,HIGH_DEFAULT_RISK
1328,False,0.721,48.1,HIGH,FUNDING_POLICY_VIOLATION
1329,False,0.697,47.0,HIGH,FUNDING_POLICY_VIOLATION
1330,True,0.789,55.9,HIGH,HIGH_DEFAULT_RISK
1331,True,0.841,54.6,HIGH,HIGH_DEFAULT_RISK
1332,False,0.776,49.8,HIGH,FUNDING_POLICY_VIOLATION
1333,True,0.779,54.5,HIGH,HIGH_DEFAULT_RISK
1334,True,0.661,48.9,HIGH,HIGH_DEFAULT_RISK|POOR_BUSINESS_HEALTH
1335,True,0.846,48.3,HIGH,HIGH_DEFAULT_RISK|POOR_BUSINESS_HEALTH
1336,False,0.758,49.1,HIGH,FUNDING_POLICY_VIOLATION
1337,False,0.276,44.0,HIGH,FUNDING_POLICY_VIOLATION
1338,True,0.84,52.6,HIGH,HIGH_DEFAULT_RISK
1339,True,0.714,52.6,HIGH,HIGH_DEFAULT_RISK
1340,True,0.532,48.0,MEDIUM,POOR_BUSINESS_HEALTH
1341,True,0.842,61.2,HIGH,HIGH_DEFAULT_RISK
1342,True,0.678,51.5,HIGH,HIGH_DEFAULT_RISK
1343,False,0.915,50.9,HIGH,FUNDING_POLICY_VIOLATION
1344,True,0.651,55.5,HIGH,HIGH_DEFAULT_RISK
1345,False,0.739,53.0,HIGH,FUNDING_POLICY_VIOLATION
1346,False,0.397,53.5,HIGH,FUNDING_POLICY_VIOLATION
1347,True,0.501,50.3,LOW,ALL_OK
1348,True,0.932,63.1,HIGH,HIGH_DEFAULT_RISK
1349,True,0.834,66.8,HIGH,HIGH_DEFAULT_RISK
1350,True,0.535,48.3,MEDIUM,POOR_BUSINESS_HEALTH
1351,True,0.739,49.8,HIGH,HIGH_DEFAULT_RISK|POOR_BUSINESS_HEALTH
1352,True,0.488,42.9,MEDIUM,POOR_BUSINESS_HEALTH
1353,True,0.376,50.9,LOW,ALL_OK
1354,True,0.283,49.5,MEDIUM,POOR_BUSINESS_HEALTH
1355,False,0.473,51.8,HIGH,FUNDING_POLICY_VIOLATION
1356,True,0.549,48.5,MEDIUM,POOR_BUSINESS_HEALTH
1357,True,0.84,58.3,HIGH,HIGH_DEFAULT_RISK
1358,True,0.757,51.7,HIGH,HIGH_DEFAULT_RISK
1359,True,0.869,56.3,HIGH,HIGH_DEFAULT_RISK
1360,True,0.739,49.7,HIGH,HIGH_DEFAULT_RISK|POOR_BUSINESS_HEALTH
1361,False,0.381,48.6,HIGH,FUNDING_POLICY_VIOLATION
1362,True,0.37,42.3,MEDIUM,POOR_BUSINESS_HEALTH
1363,False,0.309,45.2,HIGH,FUNDING_POLICY_VIOLATION
1364,False,0.783,54.2,HIGH,FUNDING_POLICY_VIOLATION
1365,True,0.791,48.6,HIGH,HIGH_DEFAULT_RISK|POOR_BUSINESS_HEALTH
1366,True,0.497,66.6,LOW,ALL_OK
1367,False,0.281,43.6,HIGH,FUNDING_POLICY_VIOLATION
1368,True,0.416,54.2,LOW,ALL_OK
1369,True,0.373,56.9,LOW,ALL_OK
1370,False,0.301,46.2,HIGH,FUNDING_POLICY_VIOLATION
1371,True,0.885,57.3,HIGH,HIGH_DEFAULT_RISK
1372,True,0.397,57.2,LOW,ALL_OK
1373,True,0.702,57.0,HIGH,HIGH_DEFAULT_RISK
1374,True,0.586,48.8,MEDIUM,POOR_BUSINESS_HEALTH
1375,True,0.3,45.6,MEDIUM,POOR_BUSINESS_HEALTH
1376,False,0.487,40.3,HIGH,FUNDING_POLICY_VIOLATION
1377,False,0.387,40.1,HIGH,FUNDING_POLICY_VIOLATION
1378,False,0.764,57.6,HIGH,FUNDING_POLICY_VIOLATION
1379,True,0.698,49.1,HIGH,HIGH_DEFAULT_RISK|POOR_BUSINESS_HEALTH
1380,True,0.612,52.3,HIGH,HIGH_DEFAULT_RISK
1381,True,0.624,57.6,HIGH,HIGH_DEFAULT_RISK
1382,True,0.857,57.7,HIGH,HIGH_DEFAULT_RISK
1383,True,0.631,56.8,HIGH,HIGH_DEFAULT_RISK
1384,True,0.218,49.2,MEDIUM,POOR_BUSINESS_HEALTH
1385,True,0.477,51.0,LOW,ALL_OK
1386,False,0.828,49.6,HIGH,FUNDING_POLICY_VIOLATION
1387,True,0.22,43.8,MEDIUM,POOR_BUSINESS_HEALTH
1388,True,0.836,61.5,HIGH,HIGH_DEFAULT_RISK
1389,True,0.809,60.9,HIGH,HIGH_DEFAULT_RISK
1390,False,0.826,75.4,HIGH,FUNDING_POLICY_VIOLATION
1391,True,0.839,51.0,HIGH,HIGH_DEFAULT_RISK
1392,False,0.295,48.1,HIGH,FUNDING_POLICY_VIOLATION
1393,True,0.499,50.1,LOW,ALL_OK
1394,True,0.731,46.6,HIGH,HIGH_DEFAULT_RISK|POOR_BUSINESS_HEALTH
1395,True,0.843,64.2,HIGH,HIGH_DEFAULT_RISK
1396,False,0.702,44.4,HIGH,FUNDING_POLICY_VIOLATION
1397,True,0.716,50.5,HIGH,HIGH_DEFAULT_RISK
1398,True,0.322,60.7,LOW,ALL_OK
1399,True,0.873,61.8,HIGH,HIGH_DEFAULT_RISK
1400,True,0.765,44.4,HIGH,HIGH_DEFAULT_RISK|POOR_BUSINESS_HEALTH
1401,True,0.399,57.6,LOW,ALL_OK
1402,True,0.804,52.1,HIGH,HIGH_DEFAULT_RISK
1403,True,0.574,52.9,LOW,ALL_OK
1404,True,0.72,48.1,HIGH,HIGH_DEFAULT_RISK|POOR_BUSINESS_HEALTH
1405,True,0.799,54.7,HIGH,HIGH_DEFAULT_RISK
1408,True,0.291,46.8,MEDIUM,POOR_BUSINESS_HEALTH
1409,True,0.83,51.6,HIGH,HIGH_DEFAULT_RISK
1410,True,0.382,50.4,LOW,ALL_OK
1411,True,0.86,52.0,HIGH,HIGH_DEFAULT_RISK
1412,True,0.816,51.7,HIGH,HIGH_DEFAULT_RISK
1413,True,0.657,55.9,HIGH,HIGH_DEFAULT_RISK
1414,True,0.273,49.4,MEDIUM,POOR_BUSINESS_HEALTH
1415,False,0.821,50.1,HIGH,FUNDING_POLICY_VIOLATION
1416,True,0.736,51.6,HIGH,HIGH_DEFAULT_RISK
1417,True,0.747,56.6,HIGH,HIGH_DEFAULT_RISK
1418,True,0.798,68.6,HIGH,HIGH_DEFAULT_RISK
1419,True,0.369,55.4,LOW,ALL_OK
1420,False,0.852,57.9,HIGH,FUNDING_POLICY_VIOLATION
1421,False,0.577,46.9,HIGH,FUNDING_POLICY_VIOLATION
1422,True,0.787,54.3,HIGH,HIGH_DEFAULT_RISK
1423,True,0.765,50.5,HIGH,HIGH_DEFAULT_RISK
1424,True,0.745,51.8,HIGH,HIGH_DEFAULT_RISK
1425,False,0.757,47.0,HIGH,FUNDING_POLICY_VIOLATION
1426,True,0.657,47.2,HIGH,HIGH_DEFAULT_RISK|POOR_BUSINESS_HEALTH
1427,True,0.338,51.6,LOW,ALL_OK
1428,True,0.455,50.8,LOW,ALL_OK
1429,True,0.851,54.9,HIGH,HIGH_DEFAULT_RISK
1430,True,0.781,63.4,HIGH,HIGH_DEFAULT_RISK
1431,True,0.821,55.0,HIGH,HIGH_DEFAULT_RISK
1432,True,0.839,58.4,HIGH,HIGH_DEFAULT_RISK
1433,True,0.713,50.1,HIGH,HIGH_DEFAULT_RISK
1434,True,0.842,55.3,HIGH,HIGH_DEFAULT_RISK
1435,True,0.457,57.6,LOW,ALL_OK
1436,True,0.842,47.9,HIGH,HIGH_DEFAULT_RISK|POOR_BUSINESS_HEALTH
1437,True,0.811,53.1,HIGH,HIGH_DEFAULT_RISK
1438,False,0.243,41.7,HIGH,FUNDING_POLICY_VIOLATION
1439,False,0.535,43.2,HIGH,FUNDING_POLICY_VIOLATION
1440,True,0.418,63.9,LOW,ALL_OK
1441,True,0.774,53.6,HIGH,HIGH_DEFAULT_RISK
1442,False,0.841,52.0,HIGH,FUNDING_POLICY_VIOLATION
1443,True,0.852,56.5,HIGH,HIGH_DEFAULT_RISK
1444,True,0.808,62.7,HIGH,HIGH_DEFAULT_RISK
1445,True,0.36,51.5,LOW,ALL_OK
1446,True,0.775,49.2,HIGH,HIGH_DEFAULT_RISK|POOR_BUSINESS_HEALTH
1448,False,0.687,39.8,HIGH,FUNDING_POLICY_VIOLATION
1449,True,0.762,48.8,HIGH,HIGH_DEFAULT_RISK|POOR_BUSINESS_HEALTH
1450,True,0.824,59.5,HIGH,HIGH_DEFAULT_RISK
1451,False,0.563,51.5,HIGH,FUNDING_POLICY_VIOLATION
1452,True,0.668,41.5,HIGH,HIGH_DEFAULT_RISK|POOR_BUSINESS_HEALTH
1453,True,0.586,47.7,MEDIUM,POOR_BUSINESS_HEALTH
1454,True,0.759,57.7,HIGH,HIGH_DEFAULT_RISK
1456,False,0.251,47.9,HIGH,FUNDING_POLICY_VIOLATION
1457,True,0.856,56.6,HIGH,HIGH_DEFAULT_RISK
1458,True,0.859,52.1,HIGH,HIGH_DEFAULT_RISK
1459,True,0.813,55.1,HIGH,HIGH_DEFAULT_RISK
1460,False,0.757,55.5,HIGH,FUNDING_POLICY_VIOLATION
1461,True,0.623,53.1,HIGH,HIGH_DEFAULT_RISK
1462,True,0.377,58.3,LOW,ALL_OK
1463,False,0.358,49.8,HIGH,FUNDING_POLICY_VIOLATION
1464,True,0.849,52.3,HIGH,HIGH_DEFAULT_RISK
1465,True,0.829,61.0,HIGH,HIGH_DEFAULT_RISK
1466,True,0.586,50.1,LOW,ALL_OK
1467,True,0.318,45.6,MEDIUM,POOR_BUSINESS_HEALTH
1468,True,0.726,45.5,HIGH,HIGH_DEFAULT_RISK|POOR_BUSINESS_HEALTH
1469,False,0.851,56.2,HIGH,FUNDING_POLICY_VIOLATION
1470,True,0.668,45.0,HIGH,HIGH_DEFAULT_RISK|POOR_BUSINESS_HEALTH
1471,True,0.294,42.5,MEDIUM,POOR_BUSINESS_HEALTH
1472,True,0.687,46.7,HIGH,HIGH_DEFAULT_RISK|POOR_BUSINESS_HEALTH
1473,True,0.862,51.7,HIGH,HIGH_DEFAULT_RISK
1474,False,0.292,51.7,HIGH,FUNDING_POLICY_VIOLATION
1475,False,0.57,41.4,HIGH,FUNDING_POLICY_VIOLATION
1476,False,0.211,39.8,HIGH,FUNDING_POLICY_VIOLATION
1477,True,0.854,53.2,HIGH,HIGH_DEFAULT_RISK
1478,False,0.612,46.1,HIGH,FUNDING_POLICY_VIOLATION
1479,True,0.856,57.6,HIGH,HIGH_DEFAULT_RISK
1480,False,0.532,48.1,HIGH,FUNDING_POLICY_VIOLATION
1481,False,0.256,37.0,HIGH,FUNDING_POLICY_VIOLATION
1483,True,0.784,53.3,HIGH,HIGH_DEFAULT_RISK
1484,False,0.795,47.3,HIGH,FUNDING_POLICY_VIOLATION
1485,False,0.887,59.2,HIGH,FUNDING_POLICY_VIOLATION
1486,False,0.682,46.6,HIGH,FUNDING_POLICY_VIOLATION
1487,True,0.663,49.1,HIGH,HIGH_DEFAULT_RISK|POOR_BUSINESS_HEALTH
1488,True,0.684,50.2,HIGH,HIGH_DEFAULT_RISK
1489,False,0.654,50.7,HIGH,FUNDING_POLICY_VIOLATION
1490,True,0.444,53.0,LOW,ALL_OK
1491,True,0.583,50.7,LOW,ALL_OK
1492,True,0.609,45.9,HIGH,HIGH_DEFAULT_RISK|POOR_BUSINESS_HEALTH
1493,True,0.776,49.4,HIGH,HIGH_DEFAULT_RISK|POOR_BUSINESS_HEALTH
1494,False,0.309,40.9,HIGH,FUNDING_POLICY_VIOLATION
1495,True,0.396,49.0,MEDIUM,POOR_BUSINESS_HEALTH
1496,True,0.848,67.9,HIGH,HIGH_DEFAULT_RISK
1497,True,0.767,63.3,HIGH,HIGH_DEFAULT_RISK
1498,True,0.783,49.6,HIGH,HIGH_DEFAULT_RISK|POOR_BUSINESS_HEALTH
1499,True,0.619,64.1,HIGH,HIGH_DEFAULT_RISK
1500,False,0.299,45.1,HIGH,FUNDING_POLICY_VIOLATION
1501,True,0.676,49.7,HIGH,HIGH_DEFAULT_RISK|POOR_BUSINESS_HEALTH
1502,False,0.602,43.2,HIGH,FUNDING_POLICY_VIOLATION
1503,True,0.471,48.1,MEDIUM,POOR_BUSINESS_HEALTH
1504,True,0.789,56.2,HIGH,HIGH_DEFAULT_RISK
1505,True,0.295,52.8,LOW,ALL_OK
1506,True,0.695,43.5,HIGH,HIGH_DEFAULT_RISK|POOR_BUSINESS_HEALTH
1507,True,0.476,54.5,LOW,ALL_OK
1508,True,0.745,65.2,HIGH,HIGH_DEFAULT_RISK
1509,True,0.408,55.7,LOW,ALL_OK
1510,True,0.316,48.7,MEDIUM,POOR_BUSINESS_HEALTH
1511,True,0.539,47.9,MEDIUM,POOR_BUSINESS_HEALTH
1512,False,0.281,44.1,HIGH,FUNDING_POLICY_VIOLATION
1513,True,0.655,50.2,HIGH,HIGH_DEFAULT_RISK
1514,True,0.572,43.8,MEDIUM,POOR_BUSINESS_HEALTH
1515,True,0.308,48.0,MEDIUM,POOR_BUSINESS_HEALTH
1517,False,0.525,47.7,HIGH,FUNDING_POLICY_VIOLATION
1518,True,0.669,56.8,HIGH,HIGH_DEFAULT_RISK
1519,True,0.788,50.7,HIGH,HIGH_DEFAULT_RISK
1521,False,0.495,55.8,HIGH,FUNDING_POLICY_VIOLATION
1523,False,0.427,45.0,HIGH,FUNDING_POLICY_VIOLATION
1524,True,0.748,62.5,HIGH,HIGH_DEFAULT_RISK
1525,False,0.861,53.8,HIGH,FUNDING_POLICY_VIOLATION
1526,True,0.362,55.3,LOW,ALL_OK
1527,True,0.309,45.9,MEDIUM,POOR_BUSINESS_HEALTH
1528,True,0.69,61.5,HIGH,HIGH_DEFAULT_RISK
1529,False,0.266,49.5,HIGH,FUNDING_POLICY_VIOLATION
1530,True,0.315,49.6,MEDIUM,POOR_BUSINESS_HEALTH
1531,False,0.728,49.5,HIGH,FUNDING_POLICY_VIOLATION
1532,True,0.442,59.3,LOW,ALL_OK
1533,False,0.471,43.0,HIGH,FUNDING_POLICY_VIOLATION
1534,False,0.664,45.6,HIGH,FUNDING_POLICY_VIOLATION
1535,True,0.834,48.0,HIGH,HIGH_DEFAULT_RISK|POOR_BUSINESS_HEALTH
1536,False,0.217,45.6,HIGH,FUNDING_POLICY_VIOLATION
1537,True,0.797,57.2,HIGH,HIGH_DEFAULT_RISK
1538,False,0.667,54.7,HIGH,FUNDING_POLICY_VIOLATION
1539,False,0.746,57.4,HIGH,FUNDING_POLICY_VIOLATION
1540,True,0.267,47.1,MEDIUM,POOR_BUSINESS_HEALTH
1541,True,0.242,50.2,LOW,ALL_OK
1542,True,0.275,51.7,LOW,ALL_OK
1543,True,0.246,49.1,MEDIUM,POOR_BUSINESS_HEALTH
1544,False,0.725,52.5,HIGH,FUNDING_POLICY_VIOLATION
1545,True,0.465,65.1,LOW,ALL_OK
1546,True,0.824,51.9,HIGH,HIGH_DEFAULT_RISK
1547,False,0.181,47.1,HIGH,FUNDING_POLICY_VIOLATION
1548,True,0.726,55.4,HIGH,HIGH_DEFAULT_RISK
1549,False,0.743,54.9,HIGH,FUNDING_POLICY_VIOLATION
1550,True,0.693,55.7,HIGH,HIGH_DEFAULT_RISK
1551,False,0.777,51.3,HIGH,FUNDING_POLICY_VIOLATION
1552,True,0.669,43.6,HIGH,HIGH_DEFAULT_RISK|POOR_BUSINESS_HEALTH
1553,True,0.829,45.0,HIGH,HIGH_DEFAULT_RISK|POOR_BUSINESS_HEALTH
1554,True,0.307,53.1,LOW,ALL_OK
1555,False,0.311,46.8,HIGH,FUNDING_POLICY_VIOLATION
1556,True,0.503,65.7,LOW,ALL_OK
1557,True,0.733,52.5,HIGH,HIGH_DEFAULT_RISK
1558,False,0.378,48.2,HIGH,FUNDING_POLICY_VIOLATION
1559,True,0.674,49.7,HIGH,HIGH_DEFAULT_RISK|POOR_BUSINESS_HEALTH
1560,False,0.76,45.0,HIGH,FUNDING_POLICY_VIOLATION
1561,True,0.8,56.8,HIGH,HIGH_DEFAULT_RISK
1562,False,0.745,49.7,HIGH,FUNDING_POLICY_VIOLATION
1564,True,0.709,54.8,HIGH,HIGH_DEFAULT_RISK
1565,True,0.499,51.4,LOW,ALL_OK
1566,True,0.74,49.4,HIGH,HIGH_DEFAULT_RISK|POOR_BUSINESS_HEALTH
1567,False,0.291,53.9,HIGH,FUNDING_POLICY_VIOLATION
1568,True,0.606,59.8,HIGH,HIGH_DEFAULT_RISK
1569,True,0.306,47.1,MEDIUM,POOR_BUSINESS_HEALTH
1570,True,0.768,54.3,HIGH,HIGH_DEFAULT_RISK
1571,True,0.379,50.3,LOW,ALL_OK
1573,True,0.789,54.9,HIGH,HIGH_DEFAULT_RISK
1574,True,0.326,51.7,LOW,ALL_OK
1575,False,0.41,50.8,HIGH,FUNDING_POLICY_VIOLATION
1576,True,0.652,61.5,HIGH,HIGH_DEFAULT_RISK
1577,False,0.842,52.4,HIGH,FUNDING_POLICY_VIOLATION
1578,False,0.608,50.1,HIGH,FUNDING_POLICY_VIOLATION
1579,False,0.816,53.3,HIGH,FUNDING_POLICY_VIOLATION
1580,False,0.283,54.9,HIGH,FUNDING_POLICY_VIOLATION
1581,True,0.283,39.9,MEDIUM,POOR_BUSINESS_HEALTH
1582,False,0.328,47.9,HIGH,FUNDING_POLICY_VIOLATION
1583,False,0.273,49.8,HIGH,FUNDING_POLICY_VIOLATION
1584,False,0.299,44.3,HIGH,FUNDING_POLICY_VIOLATION
1585,True,0.432,43.8,MEDIUM,POOR_BUSINESS_HEALTH
1586,False,0.366,52.9,HIGH,FUNDING_POLICY_VIOLATION
1587,False,0.741,54.1,HIGH,FUNDING_POLICY_VIOLATION
1588,False,0.784,62.5,HIGH,FUNDING_POLICY_VIOLATION
1589,True,0.285,44.9,MEDIUM,POOR_BUSINESS_HEALTH
1590,False,0.259,45.2,HIGH,FUNDING_POLICY_VIOLATION
1591,True,0.65,59.6,HIGH,HIGH_DEFAULT_RISK
1592,True,0.805,49.8,HIGH,HIGH_DEFAULT_RISK|POOR_BUSINESS_HEALTH
1593,True,0.875,58.6,HIGH,HIGH_DEFAULT_RISK
1594,False,0.603,45.6,HIGH,FUNDING_POLICY_VIOLATION
1595,False,0.297,50.6,HIGH,FUNDING_POLICY_VIOLATION
1596,True,0.798,58.9,HIGH,HIGH_DEFAULT_RISK
1597,False,0.373,43.6,HIGH,FUNDING_POLICY_VIOLATION
1598,True,0.795,63.5,HIGH,HIGH_DEFAULT_RISK
1599,True,0.743,50.2,HIGH,HIGH_DEFAULT_RISK
1600,True,0.746,39.7,HIGH,HIGH_DEFAULT_RISK|POOR_BUSINESS_HEALTH
1601,False,0.643,49.6,HIGH,FUNDING_POLICY_VIOLATION
1602,True,0.76,49.4,HIGH,HIGH_DEFAULT_RISK|POOR_BUSINESS_HEALTH
1603,True,0.435,50.1,LOW,ALL_OK
1604,True,0.557,46.7,MEDIUM,POOR_BUSINESS_HEALTH
1605,True,0.578,50.2,LOW,ALL_OK
1606,False,0.326,46.9,HIGH,FUNDING_POLICY_VIOLATION
1607,False,0.356,52.0,HIGH,FUNDING_POLICY_VIOLATION
1608,True,0.801,59.9,HIGH,HIGH_DEFAULT_RISK
1609,False,0.239,42.3,HIGH,FUNDING_POLICY_VIOLATION
1610,True,0.338,48.3,MEDIUM,POOR_BUSINESS_HEALTH
1611,True,0.359,46.3,MEDIUM,POOR_BUSINESS_HEALTH
1612,False,0.449,46.7,HIGH,FUNDING_POLICY_VIOLATION
1613,False,0.595,45.3,HIGH,FUNDING_POLICY_VIOLATION
1614,True,0.671,46.3,HIGH,HIGH_DEFAULT_RISK|POOR_BUSINESS_HEALTH
1615,True,0.817,53.2,HIGH,HIGH_DEFAULT_RISK
1616,True,0.801,58.9,HIGH,HIGH_DEFAULT_RISK
1617,False,0.824,42.8,HIGH,FUNDING_POLICY_VIOLATION
1618,True,0.821,46.3,HIGH,HIGH_DEFAULT_RISK|POOR_BUSINESS_HEALTH
1619,True,0.736,48.3,HIGH,HIGH_DEFAULT_RISK|POOR_BUSINESS_HEALTH
1620,True,0.548,53.3,LOW,ALL_OK
1621,False,0.808,51.7,HIGH,FUNDING_POLICY_VIOLATION
1622,True,0.879,61.0,HIGH,HIGH_DEFAULT_RISK
1623,False,0.81,47.9,HIGH,FUNDING_POLICY_VIOLATION
1624,True,0.302,50.5,LOW,ALL_OK
1625,True,0.6,49.9,HIGH,HIGH_DEFAULT_RISK|POOR_BUSINESS_HEALTH
1626,False,0.254,49.4,HIGH,FUNDING_POLICY_VIOLATION
1627,False,0.707,46.6,HIGH,FUNDING_POLICY_VIOLATION
1628,True,0.313,52.2,LOW,ALL_OK
1629,False,0.358,51.8,HIGH,FUNDING_POLICY_VIOLATION
1630,False,0.492,60.8,HIGH,FUNDING_POLICY_VIOLATION
1631,True,0.892,52.7,HIGH,HIGH_DEFAULT_RISK
1632,False,0.294,49.4,HIGH,FUNDING_POLICY_VIOLATION
1633,True,0.758,49.6,HIGH,HIGH_DEFAULT_RISK|POOR_BUSINESS_HEALTH
1634,True,0.743,53.7,HIGH,HIGH_DEFAULT_RISK
1635,True,0.838,53.6,HIGH,HIGH_DEFAULT_RISK
1636,True,0.663,46.4,HIGH,HIGH_DEFAULT_RISK|POOR_BUSINESS_HEALTH
1637,False,0.275,35.8,HIGH,FUNDING_POLICY_VIOLATION
1638,True,0.89,53.9,HIGH,HIGH_DEFAULT_RISK
1639,True,0.75,53.1,HIGH,HIGH_DEFAULT_RISK
1640,True,0.432,47.7,MEDIUM,POOR_BUSINESS_HEALTH
1641,False,0.611,56.9,HIGH,FUNDING_POLICY_VIOLATION
1643,False,0.659,61.0,HIGH,FUNDING_POLICY_VIOLATION
1644,False,0.625,44.7,HIGH,FUNDING_POLICY_VIOLATION
1645,False,0.278,44.0,HIGH,FUNDING_POLICY_VIOLATION
1646,False,0.806,50.6,HIGH,FUNDING_POLICY_VIOLATION
1647,True,0.643,56.6,HIGH,HIGH_DEFAULT_RISK
1648,False,0.502,54.2,HIGH,FUNDING_POLICY_VIOLATION
1649,False,0.432,54.6,HIGH,FUNDING_POLICY_VIOLATION
1650,True,0.509,57.2,LOW,ALL_OK
1651,True,0.664,44.3,HIGH,HIGH_DEFAULT_RISK|POOR_BUSINESS_HEALTH
1652,True,0.855,46.0,HIGH,HIGH_DEFAULT_RISK|POOR_BUSINESS_HEALTH
1653,True,0.797,50.7,HIGH,HIGH_DEFAULT_RISK
1654,False,0.675,38.6,HIGH,FUNDING_POLICY_VIOLATION
1655,True,0.632,57.2,HIGH,HIGH_DEFAULT_RISK
1656,False,0.807,53.9,HIGH,FUNDING_POLICY_VIOLATION
1657,False,0.659,43.6,HIGH,FUNDING_POLICY_VIOLATION
1658,True,0.292,40.3,MEDIUM,POOR_BUSINESS_HEALTH
1659,False,0.215,48.6,HIGH,FUNDING_POLICY_VIOLATION
1660,True,0.88,59.8,HIGH,HIGH_DEFAULT_RISK
1661,True,0.813,48.2,HIGH,HIGH_DEFAULT_RISK|POOR_BUSINESS_HEALTH
1662,False,0.313,54.3,HIGH,FUNDING_POLICY_VIOLATION
1663,True,0.451,49.9,MEDIUM,POOR_BUSINESS_HEALTH
1664,False,0.375,57.5,HIGH,FUNDING_POLICY_VIOLATION
1665,True,0.361,56.7,LOW,ALL_OK
1666,False,0.276,55.9,HIGH,FUNDING_POLICY_VIOLATION
1667,True,0.68,52.2,HIGH,HIGH_DEFAULT_RISK
1668,True,0.385,56.0,LOW,ALL_OK
1669,True,0.836,61.0,HIGH,HIGH_DEFAULT_RISK
1670,False,0.364,49.0,HIGH,FUNDING_POLICY_VIOLATION
1671,True,0.325,45.7,MEDIUM,POOR_BUSINESS_HEALTH
1672,True,0.388,52.0,LOW,ALL_OK
1673,False,0.621,51.6,HIGH,FUNDING_POLICY_VIOLATION
1674,False,0.267,46.0,HIGH,FUNDING_POLICY_VIOLATION
1675,True,0.839,59.2,HIGH,HIGH_DEFAULT_RISK
1676,True,0.373,49.7,MEDIUM,POOR_BUSINESS_HEALTH
1677,True,0.748,50.7,HIGH,HIGH_DEFAULT_RISK
1678,True,0.467,39.3,MEDIUM,POOR_BUSINESS_HEALTH
1679,False,0.417,51.3,HIGH,FUNDING_POLICY_VIOLATION
1680,True,0.723,51.3,HIGH,HIGH_DEFAULT_RISK
1681,False,0.819,48.6,HIGH,FUNDING_POLICY_VIOLATION
1682,True,0.374,52.2,LOW,ALL_OK
1683,True,0.707,53.5,HIGH,HIGH_DEFAULT_RISK
1684,True,0.571,46.6,MEDIUM,POOR_BUSINESS_HEALTH
1685,True,0.485,56.4,LOW,ALL_OK
1686,False,0.829,50.9,HIGH,FUNDING_POLICY_VIOLATION
1687,True,0.32,46.5,MEDIUM,POOR_BUSINESS_HEALTH
1688,True,0.637,53.7,HIGH,HIGH_DEFAULT_RISK
1689,True,0.673,67.4,HIGH,HIGH_DEFAULT_RISK
1690,True,0.837,50.4,HIGH,HIGH_DEFAULT_RISK
1691,True,0.743,51.5,HIGH,HIGH_DEFAULT_RISK
1692,True,0.833,66.4,HIGH,HIGH_DEFAULT_RISK
1693,True,0.455,54.1,LOW,ALL_OK
1694,True,0.867,67.2,HIGH,HIGH_DEFAULT_RISK
1695,False,0.51,46.9,HIGH,FUNDING_POLICY_VIOLATION
1696,True,0.385,50.5,LOW,ALL_OK
1697,False,0.79,45.3,HIGH,FUNDING_POLICY_VIOLATION
1698,True,0.846,58.3,HIGH,HIGH_DEFAULT_RISK
1699,True,0.809,54.1,HIGH,HIGH_DEFAULT_RISK
1700,True,0.422,49.0,MEDIUM,POOR_BUSINESS_HEALTH
1701,True,0.612,53.0,HIGH,HIGH_DEFAULT_RISK
1702,True,0.741,62.5,HIGH,HIGH_DEFAULT_RISK
1703,False,0.388,44.3,HIGH,FUNDING_POLICY_VIOLATION
1704,False,0.825,52.4,HIGH,FUNDING_POLICY_VIOLATION
1705,True,0.538,52.5,LOW,ALL_OK
1706,True,0.849,64.2,HIGH,HIGH_DEFAULT_RISK
1707,False,0.272,35.8,HIGH,FUNDING_POLICY_VIOLATION
1708,True,0.729,56.5,HIGH,HIGH_DEFAULT_RISK
1709,True,0.76,58.5,HIGH,HIGH_DEFAULT_RISK
1710,False,0.268,31.7,HIGH,FUNDING_POLICY_VIOLATION
1711,False,0.298,42.6,HIGH,FUNDING_POLICY_VIOLATION
1712,True,0.798,53.4,HIGH,HIGH_DEFAULT_RISK
1713,True,0.191,45.3,MEDIUM,POOR_BUSINESS_HEALTH
1714,True,0.338,47.5,MEDIUM,POOR_BUSINESS_HEALTH
1715,True,0.317,54.0,LOW,ALL_OK
1716,True,0.854,53.3,HIGH,HIGH_DEFAULT_RISK
1717,True,0.364,51.3,LOW,ALL_OK
1718,True,0.869,59.1,HIGH,HIGH_DEFAULT_RISK
1719,True,0.666,45.1,HIGH,HIGH_DEFAULT_RISK|POOR_BUSINESS_HEALTH
1720,True,0.775,60.5,HIGH,HIGH_DEFAULT_RISK
1721,True,0.426,56.5,LOW,ALL_OK
1722,True,0.221,49.7,MEDIUM,POOR_BUSINESS_HEALTH
1723,False,0.377,53.6,HIGH,FUNDING_POLICY_VIOLATION
1724,False,0.818,56.6,HIGH,FUNDING_POLICY_VIOLATION
1725,False,0.837,50.2,HIGH,FUNDING_POLICY_VIOLATION
1726,False,0.443,61.6,HIGH,FUNDING_POLICY_VIOLATION
1727,True,0.87,56.9,HIGH,HIGH_DEFAULT_RISK
1728,True,0.552,53.8,LOW,ALL_OK
1729,True,0.688,45.4,HIGH,HIGH_DEFAULT_RISK|POOR_BUSINESS_HEALTH
1731,True,0.826,58.9,HIGH,HIGH_DEFAULT_RISK
1732,False,0.498,61.2,HIGH,FUNDING_POLICY_VIOLATION
1733,False,0.254,44.7,HIGH,FUNDING_POLICY_VIOLATION
1734,True,0.778,50.8,HIGH,HIGH_DEFAULT_RISK
1735,True,0.773,49.8,HIGH,HIGH_DEFAULT_RISK|POOR_BUSINESS_HEALTH
1736,True,0.805,42.8,HIGH,HIGH_DEFAULT_RISK|POOR_BUSINESS_HEALTH
1737,False,0.68,40.4,HIGH,FUNDING_POLICY_VIOLATION
1738,False,0.227,36.5,HIGH,FUNDING_POLICY_VIOLATION
1739,True,0.563,52.6,LOW,ALL_OK
1740,True,0.65,54.3,HIGH,HIGH_DEFAULT_RISK
1741,False,0.34,47.5,HIGH,FUNDING_POLICY_VIOLATION
1742,True,0.813,52.1,HIGH,HIGH_DEFAULT_RISK
1743,True,0.79,51.6,HIGH,HIGH_DEFAULT_RISK
1744,True,0.816,55.3,HIGH,HIGH_DEFAULT_RISK
1745,False,0.786,53.4,HIGH,FUNDING_POLICY_VIOLATION
1746,True,0.663,48.6,HIGH,HIGH_DEFAULT_RISK|POOR_BUSINESS_HEALTH
1748,True,0.697,47.1,HIGH,HIGH_DEFAULT_RISK|POOR_BUSINESS_HEALTH
1749,True,0.708,45.4,HIGH,HIGH_DEFAULT_RISK|POOR_BUSINESS_HEALTH
1750,False,0.839,48.9,HIGH,FUNDING_POLICY_VIOLATION
1751,False,0.357,46.7,HIGH,FUNDING_POLICY_VIOLATION
1752,True,0.792,52.4,HIGH,HIGH_DEFAULT_RISK
1753,False,0.207,54.8,HIGH,FUNDING_POLICY_VIOLATION
1754,True,0.792,55.8,HIGH,HIGH_DEFAULT_RISK
1755,True,0.311,52.7,LOW,ALL_OK
1756,True,0.497,53.3,LOW,ALL_OK
1757,True,0.642,50.1,HIGH,HIGH_DEFAULT_RISK
1758,True,0.633,59.3,HIGH,HIGH_DEFAULT_RISK
1759,True,0.77,55.2,HIGH,HIGH_DEFAULT_RISK
1760,True,0.657,52.9,HIGH,HIGH_DEFAULT_RISK
1761,True,0.728,54.9,HIGH,HIGH_DEFAULT_RISK
1762,True,0.549,56.1,LOW,ALL_OK
1763,False,0.802,52.4,HIGH,FUNDING_POLICY_VIOLATION
1764,True,0.876,59.4,HIGH,HIGH_DEFAULT_RISK
1765,True,0.323,44.3,MEDIUM,POOR_BUSINESS_HEALTH
1766,True,0.707,48.6,HIGH,HIGH_DEFAULT_RISK|POOR_BUSINESS_HEALTH
1767,True,0.55,51.2,LOW,ALL_OK
1768,True,0.686,52.3,HIGH,HIGH_DEFAULT_RISK
1769,True,0.726,52.3,HIGH,HIGH_DEFAULT_RISK
1770,False,0.882,57.0,HIGH,FUNDING_POLICY_VIOLATION
1771,False,0.247,39.8,HIGH,FUNDING_POLICY_VIOLATION
1772,True,0.564,50.0,MEDIUM,POOR_BUSINESS_HEALTH
1773,False,0.292,41.0,HIGH,FUNDING_POLICY_VIOLATION
1774,False,0.863,52.5,HIGH,FUNDING_POLICY_VIOLATION
1775,False,0.708,40.2,HIGH,FUNDING_POLICY_VIOLATION
1776,True,0.698,59.8,HIGH,HIGH_DEFAULT_RISK
1777,True,0.395,45.6,MEDIUM,POOR_BUSINESS_HEALTH
1778,False,0.234,52.6,HIGH,FUNDING_POLICY_VIOLATION
1779,False,0.46,36.1,HIGH,FUNDING_POLICY_VIOLATION
1780,True,0.71,41.1,HIGH,HIGH_DEFAULT_RISK|POOR_BUSINESS_HEALTH
1781,True,0.865,57.0,HIGH,HIGH_DEFAULT_RISK
1782,True,0.748,50.2,HIGH,HIGH_DEFAULT_RISK
1783,False,0.577,41.7,HIGH,FUNDING_POLICY_VIOLATION
1784,False,0.447,40.1,HIGH,FUNDING_POLICY_VIOLATION
1785,True,0.857,51.2,HIGH,HIGH_DEFAULT_RISK
1786,False,0.662,38.9,HIGH,FUNDING_POLICY_VIOLATION
1787,True,0.539,49.0,MEDIUM,POOR_BUSINESS_HEALTH
1788,False,0.708,38.5,HIGH,FUNDING_POLICY_VIOLATION
1789,True,0.728,56.9,HIGH,HIGH_DEFAULT_RISK
1790,True,0.746,56.0,HIGH,HIGH_DEFAULT_RISK
1791,True,0.847,59.5,HIGH,HIGH_DEFAULT_RISK
1792,True,0.812,57.8,HIGH,HIGH_DEFAULT_RISK
1793,True,0.419,53.2,LOW,ALL_OK
1794,True,0.684,44.8,HIGH,HIGH_DEFAULT_RISK|POOR_BUSINESS_HEALTH
1795,True,0.465,55.5,LOW,ALL_OK
1796,True,0.673,50.1,HIGH,HIGH_DEFAULT_RISK
1797,False,0.258,37.7,HIGH,FUNDING_POLICY_VIOLATION
1798,True,0.83,50.9,HIGH,HIGH_DEFAULT_RISK
1799,False,0.467,51.6,HIGH,FUNDING_POLICY_VIOLATION
1800,False,0.779,50.3,HIGH,FUNDING_POLICY_VIOLATION
1801,True,0.687,45.6,HIGH,HIGH_DEFAULT_RISK|POOR_BUSINESS_HEALTH
1802,False,0.769,51.4,HIGH,FUNDING_POLICY_VIOLATION
1803,False,0.454,52.3,HIGH,FUNDING_POLICY_VIOLATION
1804,True,0.44,38.3,MEDIUM,POOR_BUSINESS_HEALTH
1805,False,0.273,42.7,HIGH,FUNDING_POLICY_VIOLATION
1806,True,0.563,47.8,MEDIUM,POOR_BUSINESS_HEALTH
1807,True,0.829,57.0,HIGH,HIGH_DEFAULT_RISK
1808,False,0.32,52.4,HIGH,FUNDING_POLICY_VIOLATION
1809,False,0.203,39.7,HIGH,FUNDING_POLICY_VIOLATION
1810,True,0.715,53.4,HIGH,HIGH_DEFAULT_RISK
1811,False,0.609,43.4,HIGH,FUNDING_POLICY_VIOLATION
1812,False,0.306,48.9,HIGH,FUNDING_POLICY_VIOLATION
1813,True,0.329,59.3,LOW,ALL_OK
1814,True,0.78,59.7,HIGH,HIGH_DEFAULT_RISK
1815,True,0.818,62.1,HIGH,HIGH_DEFAULT_RISK
1816,True,0.614,41.9,HIGH,HIGH_DEFAULT_RISK|POOR_BUSINESS_HEALTH
1817,True,0.653,51.9,HIGH,HIGH_DEFAULT_RISK
1818,True,0.702,49.0,HIGH,HIGH_DEFAULT_RISK|POOR_BUSINESS_HEALTH
1819,True,0.903,55.8,HIGH,HIGH_DEFAULT_RISK
1820,False,0.683,50.1,HIGH,FUNDING_POLICY_VIOLATION
1821,True,0.361,46.9,MEDIUM,POOR_BUSINESS_HEALTH
1822,True,0.757,48.4,HIGH,HIGH_DEFAULT_RISK|POOR_BUSINESS_HEALTH
1823,True,0.786,54.0,HIGH,HIGH_DEFAULT_RISK
1824,False,0.373,49.0,HIGH,FUNDING_POLICY_VIOLATION
1825,False,0.784,50.1,HIGH,FUNDING_POLICY_VIOLATION
1826,True,0.78,65.1,HIGH,HIGH_DEFAULT_RISK
1827,False,0.575,47.4,HIGH,FUNDING_POLICY_VIOLATION
1828,True,0.346,56.6,LOW,ALL_OK
1829,True,0.501,51.3,LOW,ALL_OK
1830,True,0.221,48.5,MEDIUM,POOR_BUSINESS_HEALTH
1831,True,0.834,53.4,HIGH,HIGH_DEFAULT_RISK
1832,False,0.799,42.2,HIGH,FUNDING_POLICY_VIOLATION
1833,True,0.775,56.9,HIGH,HIGH_DEFAULT_RISK
1834,False,0.337,44.3,HIGH,FUNDING_POLICY_VIOLATION
1835,False,0.547,45.6,HIGH,FUNDING_POLICY_VIOLATION
1836,True,0.83,53.4,HIGH,HIGH_DEFAULT_RISK
1837,True,0.837,62.7,HIGH,HIGH_DEFAULT_RISK
1838,True,0.197,46.4,MEDIUM,POOR_BUSINESS_HEALTH
1839,False,0.623,54.4,HIGH,FUNDING_POLICY_VIOLATION
1840,True,0.76,51.2,HIGH,HIGH_DEFAULT_RISK
1841,False,0.456,49.3,HIGH,FUNDING_POLICY_VIOLATION
1842,True,0.399,53.7,LOW,ALL_OK
1843,True,0.599,62.2,LOW,ALL_OK
1844,True,0.87,62.1,HIGH,HIGH_DEFAULT_RISK
1845,True,0.735,47.6,HIGH,HIGH_DEFAULT_RISK|POOR_BUSINESS_HEALTH
1846,False,0.81,53.1,HIGH,FUNDING_POLICY_VIOLATION
1847,True,0.232,40.1,MEDIUM,POOR_BUSINESS_HEALTH
1848,False,0.454,52.6,HIGH,FUNDING_POLICY_VIOLATION
1849,True,0.791,52.9,HIGH,HIGH_DEFAULT_RISK
1850,True,0.578,43.9,MEDIUM,POOR_BUSINESS_HEALTH
1851,True,0.698,48.4,HIGH,HIGH_DEFAULT_RISK|POOR_BUSINESS_HEALTH
1852,True,0.786,56.0,HIGH,HIGH_DEFAULT_RISK
1853,True,0.347,53.4,LOW,ALL_OK
1854,True,0.395,54.9,LOW,ALL_OK
1855,True,0.769,58.6,HIGH,HIGH_DEFAULT_RISK
1856,True,0.894,58.4,HIGH,HIGH_DEFAULT_RISK
1857,True,0.772,65.6,HIGH,HIGH_DEFAULT_RISK
1858,True,0.465,63.1,LOW,ALL_OK
1859,False,0.793,53.2,HIGH,FUNDING_POLICY_VIOLATION
1860,True,0.835,52.7,HIGH,HIGH_DEFAULT_RISK
1861,False,0.602,44.0,HIGH,FUNDING_POLICY_VIOLATION
1862,False,0.275,43.7,HIGH,FUNDING_POLICY_VIOLATION
1863,False,0.588,52.8,HIGH,FUNDING_POLICY_VIOLATION
1864,True,0.708,58.4,HIGH,HIGH_DEFAULT_RISK
1865,True,0.778,53.2,HIGH,HIGH_DEFAULT_RISK
1866,True,0.737,53.6,HIGH,HIGH_DEFAULT_RISK
1867,True,0.506,64.3,LOW,ALL_OK
1868,True,0.77,49.8,HIGH,HIGH_DEFAULT_RISK|POOR_BUSINESS_HEALTH
1869,True,0.495,56.4,LOW,ALL_OK
1870,True,0.451,56.1,LOW,ALL_OK
1871,False,0.794,48.5,HIGH,FUNDING_POLICY_VIOLATION
1872,True,0.417,44.2,MEDIUM,POOR_BUSINESS_HEALTH
1873,False,0.311,46.9,HIGH,FUNDING_POLICY_VIOLATION
1874,False,0.432,51.1,HIGH,FUNDING_POLICY_VIOLATION
1875,True,0.237,40.0,MEDIUM,POOR_BUSINESS_HEALTH
1876,True,0.716,58.1,HIGH,HIGH_DEFAULT_RISK
1877,True,0.807,65.6,HIGH,HIGH_DEFAULT_RISK
1878,True,0.716,53.9,HIGH,HIGH_DEFAULT_RISK
1879,True,0.774,50.9,HIGH,HIGH_DEFAULT_RISK
1880,True,0.724,47.5,HIGH,HIGH_DEFAULT_RISK|POOR_BUSINESS_HEALTH
1881,True,0.778,62.4,HIGH,HIGH_DEFAULT_RISK
1882,True,0.183,50.9,LOW,ALL_OK
1883,True,0.538,44.6,MEDIUM,POOR_BUSINESS_HEALTH
1884,True,0.856,56.6,HIGH,HIGH_DEFAULT_RISK
1885,False,0.611,55.6,HIGH,FUNDING_POLICY_VIOLATION
1886,False,0.266,45.5,HIGH,FUNDING_POLICY_VIOLATION
1888,True,0.796,49.9,HIGH,HIGH_DEFAULT_RISK|POOR_BUSINESS_HEALTH
1889,True,0.818,55.3,HIGH,HIGH_DEFAULT_RISK
1890,False,0.841,52.5,HIGH,FUNDING_POLICY_VIOLATION
1891,True,0.737,51.2,HIGH,HIGH_DEFAULT_RISK
1892,True,0.59,50.4,LOW,ALL_OK
1893,False,0.747,55.4,HIGH,FUNDING_POLICY_VIOLATION
1894,False,0.652,51.2,HIGH,FUNDING_POLICY_VIOLATION
1895,True,0.495,44.9,MEDIUM,POOR_BUSINESS_HEALTH
1896,False,0.49,58.2,HIGH,FUNDING_POLICY_VIOLATION
1897,True,0.799,62.7,HIGH,HIGH_DEFAULT_RISK
1898,True,0.639,47.8,HIGH,HIGH_DEFAULT_RISK|POOR_BUSINESS_HEALTH
1899,True,0.359,44.7,MEDIUM,POOR_BUSINESS_HEALTH
1900,False,0.543,49.2,HIGH,FUNDING_POLICY_VIOLATION
1901,False,0.823,56.8,HIGH,FUNDING_POLICY_VIOLATION
1902,True,0.765,58.6,HIGH,HIGH_DEFAULT_RISK
1903,True,0.809,55.9,HIGH,HIGH_DEFAULT_RISK
1904,False,0.293,44.3,HIGH,FUNDING_POLICY_VIOLATION
1905,False,0.782,59.3,HIGH,FUNDING_POLICY_VIOLATION
1906,True,0.693,41.7,HIGH,HIGH_DEFAULT_RISK|POOR_BUSINESS_HEALTH
1907,True,0.689,54.8,HIGH,HIGH_DEFAULT_RISK
1908,False,0.827,63.4,HIGH,FUNDING_POLICY_VIOLATION
1909,False,0.276,48.7,HIGH,FUNDING_POLICY_VIOLATION
1910,False,0.814,52.4,HIGH,FUNDING_POLICY_VIOLATION
1911,True,0.489,45.7,MEDIUM,POOR_BUSINESS_HEALTH
1912,True,0.728,52.6,HIGH,HIGH_DEFAULT_RISK
1913,False,0.395,49.1,HIGH,FUNDING_POLICY_VIOLATION
1914,False,0.674,48.5,HIGH,FUNDING_POLICY_VIOLATION
1915,False,0.387,49.8,HIGH,FUNDING_POLICY_VIOLATION
1916,True,0.828,48.5,HIGH,HIGH_DEFAULT_RISK|POOR_BUSINESS_HEALTH
1917,True,0.709,42.2,HIGH,HIGH_DEFAULT_RISK|POOR_BUSINESS_HEALTH
1918,True,0.8,61.2,HIGH,HIGH_DEFAULT_RISK
1919,True,0.579,46.2,MEDIUM,POOR_BUSINESS_HEALTH
1920,True,0.744,56.6,HIGH,HIGH_DEFAULT_RISK
1921,False,0.599,51.4,HIGH,FUNDING_POLICY_VIOLATION
1922,True,0.58,53.9,LOW,ALL_OK
1923,True,0.629,45.6,HIGH,HIGH_DEFAULT_RISK|POOR_BUSINESS_HEALTH
1924,False,0.453,43.9,HIGH,FUNDING_POLICY_VIOLATION
1925,True,0.862,56.2,HIGH,HIGH_DEFAULT_RISK
1926,True,0.814,53.2,HIGH,HIGH_DEFAULT_RISK
1927,True,0.321,53.0,LOW,ALL_OK
1928,True,0.379,48.3,MEDIUM,POOR_BUSINESS_HEALTH
1929,False,0.429,43.5,HIGH,FUNDING_POLICY_VIOLATION
1930,True,0.33,51.3,LOW,ALL_OK
1931,True,0.839,54.7,HIGH,HIGH_DEFAULT_RISK
1932,True,0.853,58.6,HIGH,HIGH_DEFAULT_RISK
1933,True,0.721,51.1,HIGH,HIGH_DEFAULT_RISK
1934,True,0.912,62.1,HIGH,HIGH_DEFAULT_RISK
1935,True,0.258,30.3,MEDIUM,POOR_BUSINESS_HEALTH
1936,True,0.358,46.4,MEDIUM,POOR_BUSINESS_HEALTH
1937,True,0.248,49.2,MEDIUM,POOR_BUSINESS_HEALTH
1938,False,0.397,47.4,HIGH,FUNDING_POLICY_VIOLATION
1939,False,0.652,41.9,HIGH,FUNDING_POLICY_VIOLATION
1940,False,0.235,40.4,HIGH,FUNDING_POLICY_VIOLATION
1941,True,0.765,56.7,HIGH,HIGH_DEFAULT_RISK
1942,True,0.701,51.4,HIGH,HIGH_DEFAULT_RISK
1943,False,0.781,45.6,HIGH,FUNDING_POLICY_VIOLATION
1945,True,0.716,47.4,HIGH,HIGH_DEFAULT_RISK|POOR_BUSINESS_HEALTH
1946,True,0.294,50.3,LOW,ALL_OK
1947,True,0.778,53.9,HIGH,HIGH_DEFAULT_RISK
1948,False,0.299,45.2,HIGH,FUNDING_POLICY_VIOLATION
1950,False,0.671,48.1,HIGH,FUNDING_POLICY_VIOLATION
1951,True,0.649,48.1,HIGH,HIGH_DEFAULT_RISK|POOR_BUSINESS_HEALTH
1952,True,0.674,53.2,HIGH,HIGH_DEFAULT_RISK
1953,True,0.802,50.7,HIGH,HIGH_DEFAULT_RISK
1954,True,0.506,47.5,MEDIUM,POOR_BUSINESS_HEALTH
1955,False,0.457,46.8,HIGH,FUNDING_POLICY_VIOLATION
1956,True,0.464,46.9,MEDIUM,POOR_BUSINESS_HEALTH
1957,True,0.568,49.6,MEDIUM,POOR_BUSINESS_HEALTH
1958,True,0.314,48.4,MEDIUM,POOR_BUSINESS_HEALTH
1959,True,0.783,61.6,HIGH,HIGH_DEFAULT_RISK
1960,False,0.513,43.0,HIGH,FUNDING_POLICY_VIOLATION
1961,False,0.501,51.1,HIGH,FUNDING_POLICY_VIOLATION
1962,False,0.401,47.4,HIGH,FUNDING_POLICY_VIOLATION
1963,True,0.713,53.1,HIGH,HIGH_DEFAULT_RISK
1964,True,0.667,60.9,HIGH,HIGH_DEFAULT_RISK
1965,False,0.642,39.7,HIGH,FUNDING_POLICY_VIOLATION
1966,True,0.748,49.9,HIGH,HIGH_DEFAULT_RISK|POOR_BUSINESS_HEALTH
1967,True,0.31,49.0,MEDIUM,POOR_BUSINESS_HEALTH
1968,False,0.209,34.7,HIGH,FUNDING_POLICY_VIOLATION
1969,True,0.307,51.0,LOW,ALL_OK
1970,True,0.818,55.6,HIGH,HIGH_DEFAULT_RISK
1971,True,0.297,41.7,MEDIUM,POOR_BUSINESS_HEALTH
1972,False,0.741,47.1,HIGH,FUNDING_POLICY_VIOLATION
1973,True,0.542,59.1,LOW,ALL_OK
1974,True,0.786,70.1,HIGH,HIGH_DEFAULT_RISK
1975,True,0.692,50.6,HIGH,HIGH_DEFAULT_RISK
1976,True,0.865,51.2,HIGH,HIGH_DEFAULT_RISK
1977,False,0.254,48.9,HIGH,FUNDING_POLICY_VIOLATION
1978,True,0.739,53.2,HIGH,HIGH_DEFAULT_RISK
1979,False,0.514,50.6,HIGH,FUNDING_POLICY_VIOLATION
1980,False,0.395,48.3,HIGH,FUNDING_POLICY_VIOLATION
1981,True,0.848,59.7,HIGH,HIGH_DEFAULT_RISK
1982,False,0.274,50.4,HIGH,FUNDING_POLICY_VIOLATION
1983,False,0.176,42.7,HIGH,FUNDING_POLICY_VIOLATION
1984,False,0.721,45.3,HIGH,FUNDING_POLICY_VIOLATION
1985,False,0.344,55.3,HIGH,FUNDING_POLICY_VIOLATION
1986,False,0.773,51.0,HIGH,FUNDING_POLICY_VIOLATION
1987,True,0.424,54.9,LOW,ALL_OK
1988,False,0.571,47.7,HIGH,FUNDING_POLICY_VIOLATION
1989,True,0.737,46.3,HIGH,HIGH_DEFAULT_RISK|POOR_BUSINESS_HEALTH
1990,False,0.78,61.1,HIGH,FUNDING_POLICY_VIOLATION
1991,False,0.285,45.1,HIGH,FUNDING_POLICY_VIOLATION
1992,True,0.368,48.7,MEDIUM,POOR_BUSINESS_HEALTH
1993,False,0.597,47.7,HIGH,FUNDING_POLICY_VIOLATION
1994,True,0.726,54.9,HIGH,HIGH_DEFAULT_RISK
1995,True,0.21,39.4,MEDIUM,POOR_BUSINESS_HEALTH
1996,True,0.767,51.2,HIGH,HIGH_DEFAULT_RISK
1997,False,0.228,40.4,HIGH,FUNDING_POLICY_VIOLATION
1998,True,0.847,54.0,HIGH,HIGH_DEFAULT_RISK
1999,True,0.725,55.4,HIGH,HIGH_DEFAULT_RISK
2000,True,0.788,54.5,HIGH,HIGH_DEFAULT_RISK
