sme_id,health_category,low_cash,high_debt,low_profit,missing_docs,tax_noncompliant,license_expired,total_risk_flags
1,Thriving,0,0,0,0,0,0,0
2,Stable,0,0,0,1,1,1,3
3,Thriving,0,0,0,1,0,0,1
4,Thriving,0,0,0,0,0,0,0
5,Thriving,0,0,1,1,0,0,2
6,Thriving,0,0,0,0,0,1,1
7,Thriving,0,0,0,0,1,1,2
8,Thriving,0,0,0,1,1,0,2
9,Thriving,0,0,0,1,0,0,1
10,Stable,0,0,0,1,0,1,2
11,Stable,0,0,1,1,0,0,2
12,Thriving,0,0,0,1,1,0,2
13,Stable,0,0,0,1,0,0,1
14,Stable,0,0,0,1,0,0,1
15,Stable,0,0,0,0,0,1,1
16,Stable,0,0,0,1,0,0,1
17,Thriving,0,0,0,0,1,0,1
18,Stable,0,0,1,0,1,0,2
19,Thriving,0,0,0,0,1,1,2
20,Thriving,0,0,0,0,0,0,0
21,Thriving,0,1,0,0,0,0,1
22,Thriving,0,0,0,1,1,0,2
23,Stable,0,0,0,0,0,0,0
24,Stable,0,0,0,0,0,0,0
25,Stable,0,0,1,0,1,0,2
26,Thriving,0,0,0,0,1,1,2
27,Thriving,0,0,0,0,0,0,0
28,Thriving,0,0,0,0,0,0,0
29,Stable,0,0,0,1,1,0,2
30,Thriving,0,0,0,1,0,0,1
31,Thriving,0,0,0,1,1,1,3
32,Thriving,0,0,0,0,0,0,0
33,Thriving,0,0,0,1,1,0,2
34,Thriving,0,0,0,1,0,0,1
35,Thriving,0,0,0,1,1,0,2
36,Thriving,0,0,0,0,1,1,2
37,Thriving,0,0,0,0,0,0,0
38,Stable,0,0,0,0,0,0,0
39,Thriving,0,0,0,1,0,0,1
40,Thriving,0,0,1,0,0,0,1
41,Thriving,0,0,0,0,1,1,2
42,Thriving,0,0,0,1,0,1,2
43,Thriving,0,0,0,0,0,0,0
44,Thriving,0,0,0,0,0,0,0
45,Thriving,0,0,0,1,0,0,1
46,Thriving,0,0,0,1,0,0,1
47,Stable,0,0,0,1,0,0,1
48,Thriving,0,1,0,0,1,1,3
49,Stable,0,0,0,0,0,0,0
50,Stable,0,0,0,0,0,0,0
51,Thriving,0,0,0,0,1,0,1
52,At Risk,0,0,0,0,1,0,1
53,Thriving,0,0,0,1,1,0,2
54,Thriving,0,0,0,1,0,0,1
55,Thriving,0,0,0,1,0,1,2
56,Stable,0,0,0,0,1,0,1
57,Thriving,0,0,0,0,1,0,1
58,Thriving,0,0,0,0,0,0,0
59,Stable,0,0,0,1,0,0,1
60,Thriving,0,0,0,0,0,0,0
61,Thriving,0,0,0,1,1,1,3
62,Stable,0,0,0,0,1,0,1
63,Thriving,0,0,0,0,0,0,0
64,Thriving,0,0,0,1,0,0,1
65,Thriving,0,0,0,1,0,0,1
66,Thriving,0,0,0,1,1,0,2
67,Thriving,0,0,1,0,0,1,2
68,Thriving,0,0,0,0,0,0,0
69,Thriving,0,0,0,1,1,0,2
70,Thriving,0,0,0,1,0,1,2
71,Thriving,0,0,0,0,1,0,1
72,Thriving,0,0,0,1,0,1,2
73,Thriving,0,0,0,0,1,0,1
74,Thriving,0,0,0,1,1,0,2
75,Stable,0,0,0,0,1,0,1
76,Thriving,0,0,0,0,0,1,1
77,Stable,0,0,0,0,0,1,1
78,Stable,0,0,0,1,0,0,1
79,Thriving,0,0,0,0,0,0,0
80,Stable,0,0,0,1,1,0,2
81,Stable,0,0,0,1,1,0,2
82,Thriving,0,0,0,0,1,0,1
83,Thriving,0,0,1,1,1,0,3
84,At Risk,0,0,1,1,0,0,2
85,Thriving,0,0,0,0,0,0,0
86,At Risk,0,0,0,1,0,0,1
87,Thriving,0,0,0,0,1,0,1
88,Thriving,0,0,0,0,0,0,0
89,Stable,0,0,0,1,0,0,1
90,Thriving,0,0,0,1,0,0,1
91,Thriving,0,0,0,1,0,0,1
92,Stable,0,0,0,0,0,0,0
93,Stable,0,0,0,1,0,0,1
94,Thriving,0,0,0,1,0,0,1
95,Thriving,0,0,0,1,0,1,2
96,Thriving,0,0,0,0,0,0,0
97,Thriving,0,0,0,0,1,0,1
98,Thriving,0,0,0,0,0,0,0
99,Stable,0,0,1,1,0,1,3
100,Thriving,0,0,0,1,0,1,2
101,Stable,0,0,0,1,0,1,2
102,Stable,0,0,0,0,0,0,0
103,Thriving,0,0,0,0,0,0,0
104,Thriving,0,0,0,1,0,0,1
105,Thriving,0,0,0,0,1,0,1
106,Thriving,0,0,0,0,0,0,0
107,Thriving,0,0,0,0,0,0,0
108,Thriving,0,0,0,0,1,1,2
109,Stable,0,0,0,1,0,0,1
110,Thriving,0,0,0,0,0,0,0
111,Stable,0,0,0,0,0,0,0
112,Thriving,0,0,0,1,0,0,1
113,Thriving,0,0,0,1,1,0,2
114,Thriving,0,0,0,1,0,0,1
115,Thriving,0,0,0,0,0,1,1
116,Thriving,0,0,0,0,1,1,2
117,Thriving,0,0,0,1,0,0,1
118,Stable,0,0,0,0,0,1,1
119,Thriving,0,0,1,0,0,1,2
120,Thriving,0,0,0,1,1,0,2
121,Thriving,0,0,0,0,0,0,0
122,Thriving,0,0,0,0,1,1,2
123,Thriving,0,0,0,0,0,0,0
124,Thriving,0,0,0,0,0,0,0
125,Thriving,0,0,0,0,0,0,0
126,Thriving,0,0,0,0,0,0,0
127,Stable,0,0,0,1,1,0,2
128,Thriving,0,0,0,1,0,0,1
129,Stable,0,0,0,1,0,0,1
130,Stable,0,0,0,1,0,0,1
131,Thriving,0,0,0,0,1,0,1
132,Thriving,0,0,0,0,0,1,1
133,At Risk,0,0,0,0,0,0,0
134,Stable,0,0,0,1,1,0,2
135,Thriving,0,0,0,1,0,0,1
136,Thriving,0,0,0,1,0,0,1
137,At Risk,0,0,0,0,1,0,1
138,Stable,0,0,0,0,0,0,0
139,Stable,0,0,0,0,0,0,0
140,Thriving,0,0,1,1,1,0,3
141,Thriving,0,0,0,0,1,0,1
142,Thriving,0,0,0,0,0,0,0
143,Thriving,0,0,0,1,0,0,1
144,Thriving,0,0,0,1,0,0,1
145,Thriving,0,0,0,0,0,0,0
146,Thriving,0,0,0,0,0,0,0
147,Thriving,0,0,1,1,1,0,3
148,Stable,0,0,0,1,0,0,1
149,Thriving,0,0,0,0,0,0,0
150,Thriving,0,0,1,1,0,0,2
151,Thriving,0,0,0,0,0,0,0
152,Thriving,0,0,0,0,0,0,0
153,Thriving,0,0,0,1,0,0,1
154,Thriving,0,0,0,0,0,1,1
155,Thriving,0,0,0,1,0,0,1
156,Thriving,0,0,0,0,0,0,0
157,Thriving,0,0,0,0,0,0,0
158,Thriving,0,0,0,0,0,0,0
159,Thriving,0,0,0,0,0,0,0
160,Thriving,0,0,0,0,0,0,0
161,Thriving,0,0,0,0,0,0,0
162,Thriving,0,0,0,0,0,0,0
163,Thriving,0,0,0,1,0,0,1
164,Thriving,0,0,0,1,1,0,2
165,Thriving,0,0,0,0,1,0,1
166,Thriving,0,0,0,1,0,0,1
167,Thriving,0,0,0,0,0,0,0
168,Thriving,0,0,0,0,1,0,1
169,Stable,0,0,0,1,1,0,2
170,Thriving,0,0,0,0,0,0,0
171,Thriving,0,0,0,1,0,0,1
172,Stable,0,0,0,1,1,0,2
173,Thriving,0,0,0,0,0,0,0
174,Thriving,0,0,0,0,0,0,0
175,Thriving,0,0,0,1,0,1,2
176,Thriving,0,0,0,0,0,0,0
177,Thriving,0,0,1,1,0,0,2
178,Thriving,0,0,0,0,1,0,1
179,Thriving,0,0,0,1,0,1,2
180,Thriving,0,0,0,1,1,0,2
181,Thriving,0,0,0,0,1,0,1
182,Thriving,0,0,0,1,0,0,1
183,Stable,0,0,0,0,0,0,0
184,Thriving,0,0,0,0,0,0,0
185,Stable,0,0,1,1,0,0,2
186,Thriving,0,0,0,0,0,0,0
187,Thriving,0,1,0,0,1,1,3
188,Thriving,0,0,0,0,0,0,0
189,Thriving,0,0,0,0,0,0,0
190,Thriving,0,0,0,0,0,0,0
191,Stable,0,0,1,1,1,0,3
192,Thriving,0,0,0,0,0,0,0
193,Thriving,0,0,0,1,0,1,2
194,Thriving,0,0,0,1,0,0,1
195,Thriving,0,0,0,1,0,0,1
196,Thriving,0,0,0,0,1,0,1
197,Thriving,0,0,0,0,0,0,0
198,Thriving,0,0,0,0,0,0,0
199,Thriving,0,0,0,0,0,1,1
200,Thriving,0,0,0,0,0,0,0
201,Thriving,0,0,0,0,0,1,1
202,At Risk,0,0,0,1,0,0,1
203,Thriving,0,0,0,0,0,1,1
204,Thriving,0,0,0,0,0,0,0
205,Thriving,0,0,0,0,1,0,1
206,Thriving,0,0,0,0,1,0,1
207,Thriving,0,0,0,0,0,0,0
208,Thriving,0,0,0,0,0,0,0
209,Stable,0,0,0,0,1,0,1
210,Thriving,0,0,0,1,0,0,1
211,Thriving,0,0,0,1,0,0,1
212,Thriving,0,0,0,1,0,0,1
213,Thriving,0,0,0,1,0,1,2
214,Thriving,0,0,0,1,0,0,1
215,Thriving,0,0,0,1,0,1,2
216,Stable,0,0,0,0,0,1,1
217,Thriving,0,0,0,1,1,0,2
218,Stable,0,0,0,1,1,0,2
219,Thriving,0,0,0,1,1,0,2
220,Thriving,0,0,0,0,0,0,0
221,Thriving,0,0,0,0,1,0,1
222,Stable,0,0,0,1,0,0,1
223,Thriving,0,0,0,0,0,1,1
224,Stable,0,0,0,1,1,1,3
225,Thriving,0,0,0,0,0,0,0
226,Thriving,0,0,0,0,0,1,1
227,Thriving,0,0,0,0,0,0,0
228,Thriving,0,0,0,1,0,1,2
229,Thriving,0,0,1,1,0,0,2
230,Thriving,0,0,0,0,0,0,0
231,Thriving,0,0,0,0,1,0,1
232,Thriving,0,0,0,0,1,0,1
233,Thriving,0,0,1,0,1,0,2
234,Thriving,0,0,0,0,0,1,1
235,Stable,0,0,0,0,0,0,0
236,Thriving,0,0,0,0,0,0,0
237,At Risk,0,0,0,1,0,0,1
238,Thriving,0,0,0,1,0,0,1
239,Thriving,0,0,0,0,0,0,0
240,Thriving,0,0,0,0,0,1,1
241,Thriving,0,0,0,1,0,0,1
242,Thriving,0,0,0,0,0,0,0
243,Thriving,0,0,0,0,0,0,0
244,Stable,0,0,1,1,1,0,3
245,Thriving,0,0,0,1,1,0,2
246,Thriving,0,0,0,0,0,0,0
247,Thriving,0,0,0,1,0,0,1
248,Thriving,0,1,0,1,0,0,2
249,Thriving,0,0,0,0,0,0,0
250,Stable,0,0,0,1,0,0,1
251,Thriving,0,0,0,0,0,1,1
252,Thriving,0,0,0,0,1,0,1
253,Thriving,0,0,1,1,0,0,2
254,Thriving,0,0,0,0,1,0,1
255,Thriving,0,0,0,0,0,0,0
256,Thriving,0,0,0,0,0,0,0
257,Thriving,0,0,0,1,0,0,1
258,Stable,0,0,0,0,0,0,0
259,Thriving,0,0,1,0,1,0,2
260,Thriving,0,0,0,0,0,0,0
261,Thriving,0,0,0,0,0,0,0
262,Thriving,0,0,0,0,0,1,1
263,Stable,0,0,0,0,0,0,0
264,Stable,0,0,0,1,1,0,2
265,Stable,0,0,0,1,0,0,1
266,Thriving,0,0,0,1,0,0,1
267,Stable,0,0,1,0,0,0,1
268,Stable,0,0,0,1,1,0,2
269,Stable,0,0,0,0,0,0,0
270,Stable,0,0,0,1,0,0,1
271,At Risk,1,0,0,0,0,0,1
272,Thriving,0,0,0,0,0,0,0
273,Thriving,0,0,0,0,0,0,0
274,Thriving,0,0,0,0,0,0,0
275,Stable,0,0,0,0,1,0,1
276,Thriving,0,0,0,0,0,0,0
277,Thriving,0,0,0,0,0,0,0
278,Stable,0,0,0,0,0,0,0
279,Thriving,0,0,0,0,0,0,0
280,Thriving,0,0,0,0,0,0,0
281,Thriving,0,1,1,0,1,0,3
282,Stable,0,0,0,1,0,0,1
283,Thriving,0,0,0,0,0,0,0
284,Thriving,0,0,0,1,0,1,2
285,Thriving,0,0,0,1,1,0,2
286,Stable,0,0,0,0,0,0,0
287,Thriving,0,0,0,0,0,1,1
288,Stable,0,0,0,0,0,0,0
289,Thriving,0,0,0,0,0,0,0
290,Thriving,0,0,0,0,0,0,0
291,Thriving,0,0,0,0,0,1,1
292,Thriving,0,0,0,0,0,0,0
293,Thriving,0,0,0,1,0,0,1
294,Thriving,0,0,0,1,1,0,2
295,Thriving,0,0,0,0,0,0,0
296,Stable,0,0,0,0,0,0,0
297,Thriving,0,0,0,0,0,1,1
298,Stable,0,0,0,0,1,0,1
299,Thriving,0,0,0,0,1,0,1
300,Stable,0,0,1,0,1,1,3
301,Thriving,0,0,0,1,1,0,2
302,Thriving,0,0,0,0,1,0,1
303,Thriving,0,0,0,1,0,0,1
304,Stable,0,0,0,0,0,0,0
305,Thriving,0,0,0,0,0,0,0
306,Thriving,0,0,0,0,0,0,0
307,Thriving,0,0,0,0,1,0,1
308,Thriving,0,0,0,0,0,0,0
309,Thriving,0,0,0,0,0,0,0
310,Thriving,0,0,0,1,1,0,2
311,Thriving,0,0,0,0,0,1,1
312,Thriving,0,0,0,1,1,0,2
313,Thriving,0,0,0,0,0,0,0
314,Thriving,0,0,0,0,0,0,0
315,Thriving,0,0,0,0,0,0,0
316,Thriving,0,0,0,0,0,0,0
317,Thriving,0,0,0,1,0,0,1
318,Thriving,0,0,0,1,0,0,1
319,Stable,0,0,0,0,1,0,1
320,Thriving,0,0,0,0,0,0,0
321,Thriving,0,0,0,1,0,1,2
322,Thriving,0,0,0,1,0,0,1
323,Thriving,0,0,0,0,1,0,1
324,Stable,0,0,0,1,0,0,1
325,Thriving,0,0,0,0,0,0,0
326,Thriving,0,0,0,1,1,0,2
327,Thriving,0,0,0,0,1,1,2
328,Thriving,0,0,0,1,0,0,1
329,Stable,0,0,0,1,0,0,1
330,Thriving,0,0,0,0,0,0,0
331,Thriving,0,0,0,0,0,0,0
332,Stable,0,0,0,1,1,0,2
333,Thriving,0,0,1,0,0,0,1
334,Thriving,0,0,0,0,1,0,1
335,Thriving,0,0,0,1,0,0,1
336,Thriving,0,0,0,0,1,0,1
337,Thriving,0,0,0,0,1,0,1
338,Thriving,0,0,0,1,0,1,2
339,Thriving,0,0,0,0,1,0,1
340,Thriving,0,0,0,0,0,1,1
341,Thriving,0,0,0,0,0,0,0
342,Thriving,0,0,0,0,0,0,0
343,Thriving,0,0,0,1,0,0,1
344,Thriving,0,0,0,1,0,0,1
345,Stable,0,0,1,0,0,1,2
346,Stable,0,0,0,0,0,0,0
347,Stable,0,0,0,1,0,0,1
348,Thriving,0,0,0,0,0,0,0
349,Thriving,0,0,0,1,0,0,1
350,Stable,0,0,0,0,0,0,0
351,Stable,0,0,0,1,0,0,1
352,Thriving,0,0,0,1,0,0,1
353,Thriving,0,0,0,0,0,0,0
354,Stable,0,0,0,0,0,0,0
355,Thriving,0,0,0,1,0,0,1
356,Thriving,0,0,0,0,0,0,0
357,Thriving,0,0,0,0,0,0,0
358,Thriving,0,0,0,0,0,1,1
359,Thriving,0,0,1,0,0,1,2
360,Thriving,0,0,0,0,0,0,0
361,Thriving,0,0,0,1,0,0,1
362,Thriving,0,0,0,0,0,0,0
363,Stable,0,0,1,1,0,0,2
364,Stable,0,0,0,1,1,0,2
365,Thriving,0,0,0,0,0,0,0
366,Thriving,0,1,0,0,0,0,1
367,Thriving,0,0,0,1,1,0,2
368,Thriving,0,0,1,0,1,0,2
369,Thriving,0,0,0,1,0,1,2
370,Thriving,0,0,0,1,0,0,1
371,Stable,0,0,0,0,1,0,1
372,Stable,0,0,0,0,0,0,0
373,Thriving,0,0,0,0,0,0,0
374,Thriving,0,0,0,0,0,0,0
375,Thriving,0,0,0,1,0,0,1
376,Stable,0,0,0,1,0,0,1
377,Thriving,0,0,0,0,0,0,0
378,Thriving,0,1,0,0,0,0,1
379,Thriving,0,0,0,0,0,0,0
380,Stable,0,0,0,0,0,0,0
381,Thriving,0,0,0,0,0,0,0
382,Thriving,0,0,0,1,0,0,1
383,Stable,0,0,0,0,0,0,0
384,Thriving,0,0,0,0,0,0,0
385,Thriving,0,0,0,1,0,0,1
386,Stable,0,0,0,0,0,0,0
387,Thriving,0,0,0,1,1,0,2
388,Thriving,0,0,0,1,0,0,1
389,Thriving,0,0,0,0,0,0,0
390,Thriving,0,0,0,0,0,0,0
391,Stable,0,0,1,1,0,0,2
392,Stable,0,0,0,1,0,1,2
393,Thriving,0,0,1,0,1,0,2
394,Thriving,0,0,0,0,0,0,0
395,Stable,0,0,0,0,1,1,2
396,Thriving,0,0,1,0,0,0,1
397,Stable,0,0,0,0,0,1,1
398,Thriving,0,0,0,0,0,0,0
399,Thriving,0,0,0,0,0,0,0
400,Thriving,0,0,0,0,0,0,0
401,Thriving,0,0,0,0,1,1,2
402,Thriving,0,0,0,1,0,0,1
403,Thriving,0,0,0,0,0,0,0
404,Stable,0,0,0,0,1,1,2
405,Thriving,0,0,0,1,0,0,1
406,Stable,0,0,0,1,0,0,1
407,Thriving,0,0,0,1,0,0,1
408,Thriving,0,0,0,1,0,0,1
409,Stable,0,0,0,1,0,1,2
410,Thriving,0,0,0,0,0,0,0
411,Thriving,0,0,0,0,0,0,0
412,Thriving,0,0,0,0,0,0,0
413,Stable,0,0,0,0,1,1,2
414,Thriving,0,0,0,1,0,0,1
415,Stable,0,0,0,1,0,0,1
416,Thriving,0,0,0,0,0,0,0
417,Thriving,0,0,0,0,0,1,1
418,Thriving,0,0,0,0,0,0,0
419,Thriving,0,0,0,0,1,1,2
420,Thriving,0,0,0,1,0,0,1
421,Thriving,0,0,0,1,0,0,1
422,Thriving,0,0,0,0,0,0,0
423,Thriving,0,0,0,0,0,0,0
424,Thriving,0,0,0,0,0,0,0
425,Thriving,0,0,1,1,0,0,2
426,Thriving,0,0,0,1,0,0,1
427,Thriving,0,0,0,1,1,0,2
428,Thriving,0,0,0,1,0,1,2
429,Thriving,0,0,0,0,0,1,1
430,Stable,0,0,0,0,0,0,0
431,Thriving,0,0,0,0,0,0,0
432,Stable,0,0,0,1,0,0,1
433,Thriving,0,0,0,0,0,0,0
434,Stable,0,0,0,0,1,0,1
435,Thriving,0,0,0,0,0,0,0
436,Thriving,0,0,0,1,0,0,1
437,Thriving,0,0,0,0,1,0,1
438,Thriving,0,0,0,1,0,0,1
439,Stable,0,0,0,1,1,0,2
440,At Risk,0,0,1,0,0,0,1
441,Thriving,0,0,0,0,0,0,0
442,Thriving,0,0,0,1,0,0,1
443,Stable,0,0,0,1,0,0,1
444,Thriving,0,0,0,1,0,0,1
445,At Risk,0,0,0,1,0,0,1
446,Thriving,0,0,0,0,0,0,0
447,Stable,0,0,0,0,1,0,1
448,Thriving,0,0,0,0,0,0,0
449,Thriving,0,0,0,0,0,0,0
450,Thriving,0,0,0,0,0,0,0
451,Thriving,0,0,0,0,0,0,0
452,Thriving,0,0,0,1,1,0,2
453,Thriving,0,0,0,0,1,0,1
454,Thriving,0,0,0,1,0,0,1
455,Thriving,0,0,0,0,0,1,1
456,Thriving,0,0,0,0,0,0,0
457,Thriving,0,0,0,1,0,0,1
458,Thriving,0,0,0,1,0,0,1
459,Stable,0,0,0,0,1,0,1
460,Thriving,0,0,0,0,0,1,1
461,Thriving,0,0,0,0,0,1,1
462,Stable,0,0,0,1,1,0,2
463,Stable,0,0,0,0,1,0,1
464,Thriving,0,0,0,1,0,0,1
465,Thriving,0,0,0,1,1,0,2
466,Thriving,0,0,0,0,0,1,1
467,Stable,0,0,0,1,1,0,2
468,Stable,0,0,0,1,0,1,2
469,Thriving,0,0,0,0,0,0,0
470,Thriving,0,0,0,0,0,0,0
471,Stable,0,0,0,1,1,0,2
472,Stable,0,0,0,1,0,0,1
473,Thriving,0,0,0,1,0,1,2
474,Thriving,0,0,0,0,0,0,0
475,Thriving,0,0,0,0,0,0,0
476,Thriving,0,0,0,0,0,0,0
477,Thriving,0,0,0,1,0,0,1
478,Thriving,0,0,0,0,0,0,0
479,Thriving,0,0,0,0,0,1,1
480,Thriving,0,0,0,0,1,0,1
481,Thriving,0,0,0,1,1,0,2
482,Thriving,0,0,0,1,0,0,1
483,Thriving,0,0,0,0,0,0,0
484,Stable,0,0,0,0,0,0,0
485,Stable,0,0,0,1,0,1,2
486,Stable,0,0,0,0,0,0,0
487,Thriving,0,0,0,0,0,0,0
488,Thriving,0,0,0,1,1,1,3
489,Thriving,0,0,0,0,0,1,1
490,Thriving,0,0,1,1,0,0,2
491,Stable,0,0,0,0,0,0,0
492,Thriving,0,0,0,0,0,1,1
493,Thriving,0,0,0,1,0,0,1
494,Thriving,0,0,0,1,1,1,3
495,Thriving,0,0,0,1,0,0,1
496,Thriving,0,0,0,1,0,0,1
497,Stable,0,0,0,1,0,0,1
498,Thriving,0,0,0,0,0,0,0
499,Thriving,0,0,0,0,0,1,1
500,Thriving,0,0,0,0,0,0,0
501,Thriving,0,0,0,0,0,0,0
502,Thriving,0,0,0,0,0,0,0
503,Thriving,0,0,0,0,0,0,0
504,Stable,0,0,0,0,0,0,0
505,Thriving,0,0,0,0,0,0,0
506,Stable,0,0,0,1,1,0,2
507,Thriving,0,0,0,0,0,0,0
508,Thriving,0,0,0,1,1,0,2
509,Thriving,0,0,0,1,1,0,2
510,Thriving,0,0,0,1,1,0,2
511,Thriving,0,0,0,0,0,0,0
512,Thriving,0,0,0,1,0,1,2
513,Thriving,0,0,0,0,0,0,0
514,Stable,0,0,0,1,1,0,2
515,Stable,0,0,0,0,1,0,1
516,Thriving,0,0,0,1,0,0,1
517,Thriving,0,0,0,1,0,0,1
518,Stable,0,0,1,0,1,0,2
519,Stable,0,0,0,0,1,1,2
520,Thriving,0,0,0,0,0,0,0
521,Stable,0,0,0,0,0,0,0
522,Thriving,0,0,0,0,0,0,0
523,Stable,0,0,0,0,0,0,0
524,Thriving,0,1,0,0,1,0,2
525,Stable,0,0,0,0,1,0,1
526,Stable,0,0,0,0,0,0,0
527,Thriving,0,0,0,1,0,0,1
528,Thriving,0,0,0,1,0,0,1
529,Thriving,0,0,0,0,1,0,1
530,Thriving,0,0,0,0,1,0,1
531,Stable,0,0,0,0,0,0,0
532,Stable,0,0,0,1,0,0,1
533,Thriving,0,0,0,0,0,0,0
534,Stable,0,0,0,1,0,0,1
535,Thriving,0,0,0,0,0,0,0
536,Thriving,0,0,0,0,0,0,0
537,Thriving,0,0,0,0,1,0,1
538,Thriving,0,0,0,0,0,0,0
539,Stable,0,0,0,1,1,0,2
540,Thriving,0,0,0,0,0,0,0
541,Thriving,0,0,0,1,0,0,1
542,Thriving,0,0,0,0,0,1,1
543,Thriving,0,0,0,1,0,0,1
544,Thriving,0,0,0,0,0,1,1
545,Stable,0,0,0,1,0,0,1
546,Thriving,0,0,0,0,0,0,0
547,Thriving,0,0,0,0,0,0,0
548,Thriving,0,0,0,1,0,1,2
549,Thriving,0,0,0,0,0,1,1
550,Thriving,0,0,0,1,0,0,1
551,Thriving,0,0,1,0,0,0,1
552,Stable,0,0,1,0,0,0,1
553,Thriving,0,0,0,0,0,0,0
554,Stable,0,0,0,1,0,0,1
555,Stable,0,0,0,1,1,0,2
556,Thriving,0,0,0,0,0,0,0
557,Stable,0,0,1,0,0,0,1
558,Thriving,0,0,0,0,0,0,0
559,Stable,0,0,0,0,0,0,0
560,Thriving,0,0,0,0,0,1,1
561,Stable,0,0,0,0,0,0,0
562,Thriving,0,0,0,1,0,0,1
563,Thriving,0,0,0,0,0,0,0
564,Thriving,0,0,0,0,0,0,0
565,Thriving,0,0,0,0,1,0,1
566,At Risk,0,0,0,0,1,0,1
567,Stable,0,0,0,0,0,0,0
568,Stable,0,0,0,0,0,0,0
569,Stable,0,0,0,0,0,0,0
570,Thriving,0,0,0,0,0,1,1
571,Stable,0,0,0,0,1,0,1
572,Stable,0,0,1,1,0,0,2
573,Thriving,0,0,0,0,0,0,0
574,Thriving,0,0,0,1,0,1,2
575,Thriving,0,0,0,0,0,0,0
576,Stable,0,0,0,0,0,0,0
577,Thriving,0,0,0,0,0,0,0
578,Thriving,0,0,0,1,0,0,1
579,Stable,0,0,0,0,0,1,1
580,Thriving,0,0,0,1,0,0,1
581,Thriving,0,0,0,0,1,0,1
582,Thriving,0,0,0,0,1,0,1
583,Thriving,0,0,0,1,0,0,1
584,Thriving,0,0,0,0,0,0,0
585,Thriving,0,0,0,1,1,0,2
586,Stable,0,0,0,0,0,0,0
587,Thriving,0,0,0,1,1,0,2
588,Stable,0,0,0,1,0,0,1
589,Thriving,0,0,0,1,0,0,1
590,Thriving,0,0,0,0,1,1,2
591,Thriving,0,0,0,0,0,0,0
592,Thriving,0,0,0,0,0,0,0
593,Stable,0,0,0,1,1,0,2
594,Thriving,0,0,0,0,1,0,1
595,Thriving,0,0,0,0,0,1,1
596,Thriving,0,0,1,1,0,1,3
597,Thriving,0,0,0,1,0,0,1
598,Thriving,0,0,0,1,1,0,2
599,Thriving,0,0,0,0,0,1,1
600,Thriving,0,0,0,0,0,0,0
601,Thriving,0,0,1,0,0,0,1
602,Thriving,0,0,0,0,0,1,1
603,Stable,0,0,0,1,0,0,1
604,Stable,0,0,0,1,1,0,2
605,Thriving,0,0,0,0,1,0,1
606,Thriving,0,0,0,0,0,0,0
607,Thriving,0,0,0,1,1,0,2
608,Stable,0,0,1,0,0,1,2
609,Stable,0,0,0,0,0,0,0
610,Thriving,0,0,0,0,0,0,0
611,Thriving,0,0,0,0,0,0,0
612,Thriving,0,0,0,0,0,1,1
613,Thriving,0,0,0,1,0,0,1
614,Stable,0,0,0,1,0,0,1
615,Thriving,0,0,0,0,0,0,0
616,Thriving,0,0,0,0,0,0,0
617,Stable,0,0,0,0,0,1,1
618,Stable,0,0,0,0,1,0,1
619,Thriving,0,0,0,0,0,0,0
620,Thriving,0,0,0,1,0,0,1
621,Thriving,0,0,0,0,0,0,0
622,Thriving,0,0,0,0,0,0,0
623,Thriving,1,0,0,1,0,0,2
624,Thriving,0,0,0,1,0,0,1
625,Thriving,0,0,0,0,1,0,1
626,At Risk,0,0,0,1,0,0,1
627,Thriving,0,0,0,0,0,0,0
628,Thriving,0,0,0,0,0,0,0
629,Thriving,0,0,0,1,0,0,1
630,Thriving,0,0,0,0,0,0,0
631,Stable,0,0,0,1,0,1,2
632,Thriving,0,0,0,1,0,0,1
633,Thriving,0,0,0,0,0,0,0
634,Thriving,0,0,0,1,0,0,1
635,Thriving,0,0,0,1,0,0,1
636,Thriving,0,0,0,0,0,0,0
637,Thriving,0,0,0,0,0,1,1
638,Stable,0,0,0,1,0,1,2
639,Thriving,0,0,0,0,0,0,0
640,Thriving,0,0,0,1,0,0,1
641,Thriving,0,0,0,0,0,0,0
642,Thriving,0,0,0,0,1,0,1
643,Stable,0,0,0,0,0,0,0
644,Stable,0,0,0,1,0,0,1
645,Thriving,0,0,0,0,0,0,0
646,Thriving,0,0,0,1,0,1,2
647,Stable,0,0,0,0,1,0,1
648,Thriving,0,0,0,0,1,0,1
649,Thriving,0,0,0,1,0,0,1
650,Thriving,0,0,0,1,1,0,2
651,Thriving,0,0,0,0,0,0,0
652,Thriving,0,0,0,0,1,0,1
653,Thriving,0,0,0,0,0,0,0
654,Thriving,0,0,0,0,0,0,0
655,Thriving,0,0,0,1,1,0,2
656,Stable,0,1,0,0,0,0,1
657,Stable,0,0,0,0,0,0,0
658,Thriving,0,0,0,1,0,0,1
659,Thriving,0,0,0,0,1,0,1
660,Thriving,0,0,0,0,1,0,1
661,Thriving,0,0,0,0,0,0,0
662,Thriving,0,0,0,1,0,0,1
663,Stable,0,0,0,0,0,0,0
664,At Risk,0,0,0,1,1,0,2
665,Thriving,0,0,0,1,0,0,1
666,Stable,0,0,0,1,1,1,3
667,Thriving,0,0,0,1,0,1,2
668,Stable,0,0,0,1,0,0,1
669,Stable,0,0,0,1,0,1,2
670,Thriving,0,0,0,1,0,1,2
671,Thriving,0,0,0,1,0,1,2
672,Stable,0,0,0,0,0,0,0
673,Thriving,0,0,0,1,0,1,2
674,Thriving,0,0,0,1,0,0,1
675,Thriving,0,0,0,0,0,0,0
676,Thriving,0,0,1,1,1,0,3
677,Stable,0,0,0,1,0,0,1
678,Thriving,0,0,1,0,0,0,1
679,Thriving,0,0,0,0,1,1,2
680,Stable,0,0,0,0,1,1,2
681,Thriving,0,0,0,0,0,1,1
682,Thriving,0,0,0,0,0,1,1
683,Thriving,0,0,0,1,0,0,1
684,Thriving,0,0,0,0,0,0,0
685,Thriving,0,0,0,0,0,1,1
686,Thriving,0,0,0,1,0,0,1
687,Thriving,0,0,0,0,0,1,1
688,Thriving,0,0,1,0,0,0,1
689,Thriving,0,0,0,1,0,1,2
690,Thriving,0,0,0,0,1,0,1
691,Thriving,0,0,0,0,1,0,1
692,Thriving,0,0,0,1,0,1,2
693,Thriving,0,0,0,1,0,0,1
694,Thriving,0,0,0,0,0,0,0
695,Thriving,0,0,0,1,0,0,1
696,Stable,0,0,0,1,0,0,1
697,Thriving,0,0,0,0,0,0,0
698,Stable,0,0,0,1,1,1,3
699,Thriving,0,0,0,0,0,0,0
700,Thriving,0,0,0,1,0,0,1
701,Stable,0,0,0,1,1,0,2
702,Thriving,0,0,0,1,0,0,1
703,Thriving,0,0,0,0,0,0,0
704,Thriving,0,0,0,0,0,0,0
705,Thriving,0,0,0,0,0,0,0
706,Thriving,0,0,0,0,0,0,0
707,Thriving,0,0,0,1,0,1,2
708,Thriving,0,0,0,1,1,0,2
709,At Risk,0,0,0,0,0,0,0
710,Thriving,0,0,0,1,0,0,1
711,Thriving,0,0,0,0,1,0,1
712,Thriving,0,0,0,0,0,0,0
713,Stable,0,0,0,0,0,0,0
714,Stable,0,0,0,1,1,0,2
715,Thriving,0,0,0,0,0,0,0
716,Thriving,0,0,1,0,0,1,2
717,Stable,0,1,0,1,0,0,2
718,Stable,0,0,0,0,0,1,1
719,Thriving,0,0,0,0,0,1,1
720,Thriving,0,0,0,1,0,1,2
721,Thriving,0,0,0,0,0,0,0
722,Stable,0,0,0,0,1,0,1
723,Thriving,0,0,0,0,0,0,0
724,Thriving,0,0,0,0,1,1,2
725,Thriving,0,0,0,1,1,0,2
726,Thriving,0,0,0,0,0,0,0
727,Stable,0,0,0,0,1,0,1
728,Stable,0,0,0,0,0,0,0
729,At Risk,0,0,0,1,0,0,1
730,Stable,0,0,0,0,0,0,0
731,Thriving,0,0,0,0,0,0,0
732,Thriving,0,0,0,0,0,0,0
733,Thriving,0,0,0,0,0,0,0
734,At Risk,0,0,0,0,0,0,0
735,Thriving,0,0,0,1,1,0,2
736,Thriving,0,0,0,0,0,0,0
737,Thriving,0,0,0,0,0,0,0
738,Thriving,0,0,0,0,0,1,1
739,Thriving,0,0,0,0,0,0,0
740,Thriving,0,0,0,1,0,0,1
741,At Risk,0,0,0,1,1,1,3
742,Thriving,0,0,0,0,1,0,1
743,Thriving,0,0,0,0,0,0,0
744,Thriving,0,0,0,0,0,0,0
745,Stable,0,0,1,1,0,0,2
746,Thriving,0,0,0,0,0,0,0
747,Thriving,0,0,0,1,0,1,2
748,Thriving,0,0,0,0,0,0,0
749,Thriving,0,0,0,1,1,0,2
750,Thriving,0,0,0,1,0,0,1
751,At Risk,0,0,0,1,1,0,2
752,Thriving,0,0,0,0,1,0,1
753,Thriving,0,0,0,0,0,0,0
754,Thriving,0,0,0,0,0,0,0
755,Thriving,0,0,0,1,0,1,2
756,Thriving,0,0,0,1,0,0,1
757,Thriving,0,0,0,0,0,0,0
758,Thriving,0,0,0,0,0,1,1
759,Thriving,0,0,0,0,0,0,0
760,Thriving,0,0,0,1,0,0,1
761,Thriving,0,0,0,1,0,0,1
762,Thriving,0,0,0,0,0,0,0
763,Thriving,0,0,0,0,0,0,0
764,Thriving,0,0,0,1,0,0,1
765,Thriving,0,0,0,0,0,0,0
766,Thriving,0,0,0,0,0,0,0
767,Thriving,0,0,0,0,0,0,0
768,Thriving,0,0,0,1,0,0,1
769,Thriving,0,0,0,1,0,0,1
770,Thriving,0,0,0,0,0,0,0
771,Thriving,0,0,0,1,0,0,1
772,Stable,0,0,0,0,0,0,0
773,Thriving,0,0,0,0,0,1,1
774,Thriving,0,0,1,0,0,0,1
775,Thriving,0,0,0,0,1,0,1
776,Thriving,0,0,0,0,0,0,0
777,Stable,0,0,0,1,0,0,1
778,Stable,0,0,0,0,0,0,0
779,Stable,0,0,0,0,0,1,1
780,Thriving,0,0,0,0,0,0,0
781,Thriving,0,0,0,1,0,0,1
782,Thriving,0,0,0,1,1,0,2
783,At Risk,0,0,0,1,0,0,1
784,Stable,0,0,0,0,0,0,0
785,Thriving,0,1,0,0,0,0,1
786,Thriving,0,0,0,0,0,0,0
787,Stable,0,0,0,1,0,0,1
788,Thriving,0,0,0,1,1,1,3
789,Thriving,0,0,0,1,1,0,2
790,Thriving,0,0,0,1,0,0,1
791,Stable,0,0,0,1,1,0,2
792,Thriving,0,0,0,1,0,0,1
793,Thriving,0,0,0,1,0,0,1
794,Thriving,0,0,0,0,1,0,1
795,Thriving,0,0,0,0,0,0,0
796,Thriving,0,0,0,0,0,0,0
797,Thriving,0,0,0,0,0,0,0
798,Stable,0,0,1,0,0,1,2
799,Thriving,0,0,0,1,0,0,1
800,Thriving,0,0,0,1,0,0,1
801,Thriving,0,0,0,1,0,0,1
802,Thriving,0,0,0,0,0,0,0
803,Thriving,0,0,0,0,0,0,0
804,Thriving,0,0,0,1,1,0,2
805,Thriving,0,0,0,0,1,0,1
806,Thriving,0,0,1,1,0,0,2
807,Thriving,0,0,0,1,0,1,2
808,Thriving,0,0,0,0,1,0,1
809,Thriving,0,0,0,1,0,1,2
810,Thriving,0,0,0,0,1,0,1
811,Thriving,0,0,0,1,0,0,1
812,Thriving,0,0,0,1,0,0,1
813,Thriving,0,0,0,1,0,0,1
814,Thriving,0,0,0,0,0,0,0
815,Thriving,0,0,0,1,0,0,1
816,Stable,0,0,0,0,0,0,0
817,Thriving,0,0,0,0,1,1,2
818,Stable,0,0,0,0,0,1,1
819,Thriving,0,0,0,1,0,0,1
820,Thriving,0,0,1,0,0,0,1
821,Thriving,0,0,0,0,0,0,0
822,Thriving,0,0,0,0,0,1,1
823,Thriving,0,0,0,1,0,0,1
824,Thriving,0,0,0,0,0,0,0
825,Thriving,0,0,0,0,0,0,0
826,Thriving,0,0,0,1,0,0,1
827,Thriving,0,0,0,0,0,0,0
828,Thriving,0,0,0,0,0,0,0
829,Thriving,0,0,0,1,0,1,2
830,Thriving,0,0,0,0,1,1,2
831,Thriving,0,0,1,0,0,1,2
832,Thriving,0,0,0,0,0,0,0
833,Stable,0,0,0,0,0,1,1
834,Stable,0,0,0,0,0,0,0
835,Thriving,0,0,0,1,1,0,2
836,Thriving,0,0,0,1,0,1,2
837,Thriving,0,0,0,0,0,0,0
838,Thriving,0,0,0,0,0,0,0
839,Thriving,0,0,0,0,0,0,0
840,Thriving,0,0,0,0,0,1,1
841,Stable,0,0,0,0,0,1,1
842,Thriving,0,0,1,0,0,0,1
843,Thriving,0,0,0,1,0,1,2
844,Stable,1,0,0,1,1,1,4
845,Thriving,0,0,0,0,1,0,1
846,Thriving,0,0,0,0,1,0,1
847,Thriving,0,0,0,1,0,0,1
848,Thriving,0,0,0,0,0,0,0
849,Thriving,0,0,0,1,1,0,2
850,Thriving,0,0,0,0,1,0,1
851,Thriving,0,0,0,0,0,0,0
852,Thriving,0,1,0,1,0,1,3
853,Thriving,0,0,0,0,1,1,2
854,Thriving,0,0,0,1,0,0,1
855,Thriving,0,0,0,0,1,0,1
856,Stable,0,1,0,0,0,1,2
857,Thriving,0,0,0,1,0,0,1
858,Thriving,0,0,0,0,0,0,0
859,Thriving,0,0,0,1,1,0,2
860,Thriving,0,0,0,1,0,0,1
861,Thriving,0,0,0,0,0,0,0
862,Thriving,0,0,0,1,0,1,2
863,Stable,0,0,0,0,0,0,0
864,Thriving,0,0,0,0,0,0,0
865,Stable,0,0,0,0,0,0,0
866,Stable,0,0,0,0,1,0,1
867,Thriving,0,0,0,1,0,0,1
868,Thriving,0,0,0,1,0,0,1
869,Thriving,0,0,0,0,0,0,0
870,Thriving,0,0,0,0,0,0,0
871,Thriving,0,1,0,0,0,1,2
872,Thriving,0,0,0,0,1,1,2
873,Stable,0,0,1,0,0,1,2
874,Thriving,0,0,0,0,0,0,0
875,Thriving,0,0,0,0,0,0,0
876,Thriving,0,0,0,0,0,1,1
877,Thriving,0,0,0,0,1,0,1
878,Thriving,0,0,0,0,0,0,0
879,Thriving,0,0,0,1,0,0,1
880,Thriving,0,0,0,0,0,1,1
881,Stable,0,0,1,0,0,1,2
882,Thriving,0,0,1,0,0,0,1
883,Stable,0,0,0,0,0,1,1
884,Thriving,0,0,0,0,0,0,0
885,Stable,0,0,1,1,1,0,3
886,Thriving,0,0,0,1,0,0,1
887,Thriving,0,0,0,0,0,0,0
888,Thriving,0,0,0,0,0,1,1
889,Stable,0,0,0,1,0,0,1
890,Stable,0,0,0,1,0,0,1
891,Thriving,0,0,0,0,0,1,1
892,Thriving,0,0,1,0,0,0,1
893,Thriving,0,0,0,0,0,0,0
894,Thriving,0,0,0,1,0,0,1
895,Thriving,0,0,0,1,0,0,1
896,Thriving,0,0,0,0,0,0,0
897,Thriving,0,0,1,1,0,0,2
898,Thriving,0,0,0,0,1,0,1
899,Thriving,0,0,0,0,1,0,1
900,Stable,0,0,0,0,1,0,1
901,Stable,0,0,0,1,0,0,1
902,Thriving,0,0,0,0,0,0,0
903,Thriving,0,0,0,1,0,0,1
904,Thriving,0,0,0,0,0,0,0
905,Stable,0,0,1,0,1,0,2
906,Thriving,0,0,0,0,1,0,1
907,Thriving,0,0,0,0,0,0,0
908,Stable,0,0,0,1,1,1,3
909,Thriving,0,0,0,1,0,0,1
910,Thriving,0,0,0,0,0,0,0
911,Thriving,0,0,0,0,1,0,1
912,Thriving,0,0,0,1,1,0,2
913,Stable,0,0,0,0,1,1,2
914,Thriving,0,0,0,0,0,0,0
915,Thriving,0,0,0,1,0,0,1
916,Thriving,0,0,0,1,1,0,2
917,Stable,0,0,0,0,1,0,1
918,Thriving,0,0,0,1,1,0,2
919,Thriving,0,0,0,0,0,0,0
920,Stable,0,0,0,1,0,0,1
921,Stable,0,0,0,0,1,1,2
922,Thriving,0,0,0,0,0,0,0
923,Thriving,0,0,0,1,0,0,1
924,Thriving,0,0,0,1,0,1,2
925,Thriving,0,0,0,1,1,0,2
926,Thriving,0,0,0,1,0,0,1
927,Thriving,0,0,0,0,0,1,1
928,Thriving,0,0,0,0,0,0,0
929,Thriving,0,0,0,0,0,0,0
930,Thriving,0,0,0,0,0,1,1
931,Thriving,0,0,0,0,0,1,1
932,Thriving,0,0,0,0,0,1,1
933,Thriving,0,0,0,1,0,0,1
934,At Risk,0,0,0,0,0,0,0
935,Thriving,0,0,0,0,1,0,1
936,Thriving,0,0,0,1,0,0,1
937,Thriving,0,0,0,0,0,0,0
938,Thriving,0,0,0,0,0,0,0
939,Thriving,0,0,1,0,0,0,1
940,Thriving,0,0,0,1,1,1,3
941,Thriving,0,0,0,0,1,0,1
942,Stable,0,0,0,1,0,0,1
943,Thriving,0,0,0,0,1,0,1
944,Thriving,0,0,0,1,1,1,3
945,Thriving,0,0,0,1,0,0,1
946,Thriving,0,0,0,0,0,0,0
947,Thriving,0,0,0,0,0,0,0
948,Thriving,0,0,1,0,0,0,1
949,Thriving,0,0,0,0,0,0,0
950,Stable,0,0,1,0,1,0,2
951,Thriving,0,0,0,0,1,0,1
952,Stable,0,0,0,1,0,0,1
953,Thriving,0,0,0,0,0,0,0
954,Thriving,0,0,0,1,0,0,1
955,Thriving,0,0,0,1,0,0,1
956,Thriving,0,0,0,0,1,0,1
957,Thriving,0,0,0,0,1,1,2
958,Thriving,0,0,0,0,0,0,0
959,Thriving,0,0,0,1,0,0,1
960,Stable,0,0,0,0,0,0,0
961,Thriving,0,0,0,0,0,0,0
962,Thriving,0,0,0,1,0,1,2
963,Stable,0,0,0,1,1,0,2
964,Thriving,0,0,0,1,1,0,2
965,Thriving,0,0,0,1,0,1,2
966,Thriving,0,0,0,1,0,0,1
967,Thriving,0,0,0,1,1,0,2
968,Thriving,0,0,0,0,1,0,1
969,Thriving,0,0,1,0,0,0,1
970,Stable,0,0,0,1,0,0,1
971,Stable,0,0,1,0,1,0,2
972,Thriving,0,0,0,0,0,0,0
973,Thriving,0,0,0,1,0,0,1
974,Thriving,0,0,0,0,0,0,0
975,Thriving,0,0,0,0,1,0,1
976,Stable,0,0,0,1,0,0,1
977,Thriving,0,0,0,0,0,0,0
978,Stable,0,0,0,1,0,0,1
979,Thriving,0,0,0,0,0,0,0
980,Thriving,0,0,0,1,0,0,1
981,Thriving,0,0,0,1,0,0,1
982,Thriving,0,0,0,1,0,0,1
983,Thriving,0,0,0,0,1,0,1
984,Thriving,0,0,0,0,1,0,1
985,Thriving,0,0,1,0,0,0,1
986,Thriving,0,0,0,0,0,0,0
987,Thriving,0,0,0,0,0,0,0
988,Thriving,0,0,0,0,0,0,0
989,Thriving,0,0,0,0,0,0,0
990,Thriving,0,1,0,0,1,0,2
991,Thriving,0,0,0,0,0,0,0
992,Stable,0,0,0,1,0,1,2
993,Thriving,0,0,0,1,0,1,2
994,Stable,0,0,0,0,0,0,0
995,Thriving,0,0,0,1,0,0,1
996,Stable,0,0,0,1,1,0,2
997,Thriving,0,0,0,1,0,0,1
998,Stable,0,1,0,1,0,0,2
999,Thriving,0,0,0,1,1,0,2
1000,Thriving,0,0,0,0,0,0,0
1001,Stable,0,0,1,1,0,1,3
1002,Thriving,0,0,0,0,1,1,2
1003,Thriving,0,0,0,1,1,1,3
1004,Thriving,0,0,0,0,0,0,0
1005,Thriving,0,0,0,0,1,0,1
1006,Thriving,0,0,0,1,0,1,2
1007,Thriving,0,0,0,0,1,0,1
1008,Thriving,0,0,1,0,0,0,1
1009,Stable,0,0,0,0,0,1,1
1010,Thriving,0,0,0,1,0,0,1
1011,Thriving,0,0,0,1,0,0,1
1012,Thriving,0,0,0,0,1,0,1
1013,Thriving,0,0,0,1,0,0,1
1014,Thriving,0,0,0,1,1,0,2
1015,Thriving,0,0,0,0,0,0,0
1016,Stable,0,0,0,1,0,0,1
1017,Thriving,0,0,1,0,0,1,2
1018,Stable,0,1,1,0,1,1,4
1019,Stable,0,0,0,0,1,0,1
1020,Thriving,0,0,0,0,0,0,0
1021,Thriving,0,0,0,0,0,0,0
1022,Thriving,0,0,0,0,0,1,1
1023,Stable,0,0,0,1,1,1,3
1024,Stable,0,0,0,0,0,0,0
1025,Thriving,0,1,1,1,0,0,3
1026,Thriving,0,0,0,0,0,0,0
1027,Thriving,0,0,0,1,0,0,1
1028,Thriving,0,0,0,0,0,1,1
1029,Thriving,0,0,0,0,0,0,0
1030,Thriving,0,0,0,0,0,0,0
1031,Stable,0,0,1,1,0,0,2
1032,Stable,0,0,0,1,0,0,1
1033,Thriving,0,0,0,1,0,0,1
1034,Thriving,0,0,0,0,1,1,2
1035,Thriving,0,0,0,0,1,0,1
1036,Thriving,0,1,0,1,0,0,2
1037,Thriving,0,1,0,0,0,0,1
1038,Thriving,0,0,0,0,0,0,0
1039,At Risk,0,0,0,0,0,0,0
1040,Thriving,0,0,0,1,1,0,2
1041,Thriving,0,0,0,1,0,1,2
1042,Stable,0,0,0,0,0,1,1
1043,Thriving,0,0,0,0,0,0,0
1044,Thriving,0,0,0,0,0,0,0
1045,Thriving,0,0,0,1,0,1,2
1046,Thriving,0,0,1,0,0,0,1
1047,Thriving,0,0,0,1,0,0,1
1048,Thriving,0,0,0,1,1,0,2
1049,Thriving,0,0,0,0,0,0,0
1050,Thriving,0,0,0,0,0,1,1
1051,Critical,0,0,0,0,1,0,1
1052,Thriving,0,0,0,0,0,0,0
1053,Thriving,0,0,0,0,0,0,0
1054,Thriving,0,0,0,0,0,1,1
1055,Thriving,0,0,0,0,1,0,1
1056,Thriving,0,0,0,1,0,1,2
1057,Stable,0,0,0,0,1,1,2
1058,Thriving,0,0,0,0,0,1,1
1059,Thriving,0,0,0,1,0,0,1
1060,Thriving,0,0,0,1,0,0,1
1061,Stable,0,0,0,0,0,1,1
1062,Stable,0,0,0,1,0,1,2
1063,Thriving,0,0,0,1,0,1,2
1064,Stable,0,0,0,1,1,0,2
1065,Thriving,0,0,1,0,0,0,1
1066,Thriving,0,0,0,0,0,1,1
1067,Thriving,0,0,0,0,1,0,1
1068,Thriving,0,0,0,1,1,0,2
1069,Thriving,0,0,0,0,0,0,0
1070,Thriving,0,0,0,0,0,0,0
1071,Thriving,0,0,0,0,0,1,1
1072,Thriving,0,0,0,0,0,0,0
1073,Stable,0,0,0,0,1,0,1
1074,Stable,0,0,0,1,0,0,1
1075,Thriving,0,0,0,0,0,1,1
1076,Thriving,0,0,0,0,0,0,0
1077,Thriving,0,0,0,1,0,0,1
1078,Thriving,0,0,0,0,1,0,1
1079,Thriving,0,0,0,0,0,0,0
1080,Thriving,0,0,0,1,1,1,3
1081,Stable,0,0,0,0,1,0,1
1082,Thriving,0,0,0,0,0,0,0
1083,Thriving,0,0,1,0,0,0,1
1084,Stable,0,0,0,0,0,0,0
1085,Stable,0,0,0,1,0,1,2
1086,Thriving,0,1,0,0,0,0,1
1087,Stable,0,0,0,0,1,0,1
1088,Thriving,0,0,0,0,0,1,1
1089,Thriving,0,0,1,0,0,0,1
1090,Thriving,0,0,0,0,0,0,0
1091,Thriving,0,0,1,0,0,0,1
1092,Thriving,0,0,0,0,0,0,0
1093,Thriving,0,0,0,1,0,0,1
1094,Stable,0,0,0,0,0,0,0
1095,Thriving,0,0,0,0,0,0,0
1096,Thriving,0,0,0,1,0,0,1
1097,Thriving,0,0,0,1,0,0,1
1098,Stable,0,0,0,1,0,0,1
1099,Thriving,0,0,0,0,0,1,1
1100,Thriving,0,0,0,1,0,0,1
1101,Thriving,0,0,0,1,0,0,1
1102,Stable,0,0,0,1,0,0,1
1103,Thriving,0,0,0,0,0,0,0
1104,Thriving,0,0,0,0,0,0,0
1105,Stable,0,0,0,1,1,0,2
1106,Thriving,0,0,0,0,0,0,0
1107,Thriving,0,0,0,1,0,0,1
1108,Thriving,0,0,0,1,1,1,3
1109,Thriving,0,0,0,0,1,0,1
1110,At Risk,0,0,1,0,1,0,2
1111,Thriving,0,0,0,0,0,0,0
1112,Thriving,0,1,0,0,0,1,2
1113,Thriving,0,0,0,0,0,0,0
1114,Thriving,0,0,0,0,0,1,1
1115,Thriving,0,0,0,0,1,0,1
1116,Thriving,0,0,0,1,1,0,2
1117,Thriving,0,0,0,1,0,0,1
1118,Thriving,0,0,0,0,0,0,0
1119,Thriving,0,0,0,0,0,0,0
1120,Thriving,0,0,0,1,0,0,1
1121,Thriving,0,0,0,0,1,0,1
1122,Thriving,0,0,0,1,0,0,1
1123,Thriving,0,0,0,1,0,1,2
1124,Stable,0,0,0,0,1,0,1
1125,Thriving,0,0,0,1,0,0,1
1126,Thriving,0,0,0,0,1,0,1
1127,At Risk,0,0,1,0,1,0,2
1128,Thriving,0,0,0,0,0,0,0
1129,Thriving,0,0,0,0,1,0,1
1130,Thriving,0,0,0,1,0,0,1
1131,Thriving,0,0,0,1,1,0,2
1132,Thriving,0,0,0,1,0,1,2
1133,Thriving,0,0,1,0,1,0,2
1134,Thriving,0,0,0,1,0,0,1
1135,Stable,0,0,0,1,1,0,2
1136,Thriving,0,0,0,0,0,0,0
1137,Thriving,0,0,0,0,0,0,0
1138,Thriving,0,0,0,1,0,0,1
1139,Stable,0,0,0,1,1,0,2
1140,Thriving,0,0,0,1,0,1,2
1141,Thriving,0,0,0,1,0,0,1
1142,Stable,0,0,1,0,1,0,2
1143,Thriving,0,0,0,0,1,0,1
1144,Thriving,0,0,0,1,0,0,1
1145,Thriving,0,0,0,1,0,0,1
1146,Thriving,0,0,0,0,0,1,1
1147,Thriving,0,0,0,0,0,0,0
1148,At Risk,0,0,0,0,0,0,0
1149,Thriving,0,0,0,0,0,1,1
1150,Thriving,0,0,0,1,1,0,2
1151,Thriving,0,1,0,1,0,0,2
1152,Stable,0,0,0,1,0,0,1
1153,Thriving,0,0,1,0,0,1,2
1154,Thriving,0,0,0,0,0,0,0
1155,Thriving,0,0,0,0,1,1,2
1156,Stable,0,0,1,0,0,0,1
1157,Thriving,0,0,0,0,1,0,1
1158,Thriving,0,1,0,1,0,0,2
1159,Thriving,0,0,0,0,1,1,2
1160,Thriving,0,0,0,0,0,0,0
1161,Stable,0,0,0,0,0,0,0
1162,Thriving,0,0,0,1,0,1,2
1163,Thriving,0,0,0,0,0,0,0
1164,Thriving,0,0,0,0,0,0,0
1165,Stable,0,0,0,0,0,0,0
1166,Thriving,0,0,1,0,0,0,1
1167,Thriving,0,0,0,1,0,0,1
1168,Thriving,0,0,0,0,0,0,0
1169,Stable,0,0,0,1,0,0,1
1170,Thriving,0,0,0,1,1,0,2
1171,Thriving,0,0,0,0,1,0,1
1172,Stable,0,0,0,1,0,1,2
1173,Thriving,0,0,0,0,0,1,1
1174,Thriving,0,0,0,0,1,0,1
1175,Thriving,0,0,0,0,0,1,1
1176,Thriving,0,0,0,0,0,1,1
1177,At Risk,0,0,1,1,0,0,2
1178,Stable,0,0,0,0,0,1,1
1179,Thriving,0,0,0,1,0,1,2
1180,Stable,0,0,0,0,0,0,0
1181,Thriving,0,0,0,0,1,0,1
1182,Thriving,0,0,0,1,0,0,1
1183,Thriving,0,0,0,0,1,0,1
1184,Thriving,0,0,0,0,0,0,0
1185,Thriving,0,0,0,1,0,1,2
1186,Thriving,0,0,0,0,1,0,1
1187,Thriving,0,0,0,0,1,0,1
1188,Thriving,0,0,0,1,0,0,1
1189,Thriving,0,0,0,0,1,0,1
1190,Thriving,0,0,0,0,0,0,0
1191,Thriving,0,0,0,1,0,1,2
1192,Thriving,0,0,0,1,0,0,1
1193,Thriving,0,0,0,1,0,1,2
1194,Thriving,0,0,0,0,0,1,1
1195,Thriving,0,0,1,0,0,0,1
1196,Thriving,0,0,1,0,0,0,1
1197,Thriving,0,0,0,0,1,0,1
1198,Stable,0,0,1,1,1,0,3
1199,Thriving,0,0,0,1,0,0,1
1200,Thriving,0,0,0,0,0,0,0
1201,Stable,0,0,0,0,0,0,0
1202,Thriving,0,0,0,1,0,0,1
1203,Stable,0,0,0,0,1,0,1
1204,Thriving,0,0,0,0,1,0,1
1205,Stable,0,1,0,0,0,0,1
1206,Thriving,0,0,0,1,0,0,1
1207,Thriving,0,0,0,1,1,0,2
1208,Stable,0,0,0,1,1,1,3
1209,Stable,0,0,0,1,0,0,1
1210,Thriving,0,0,0,1,0,0,1
1211,Stable,0,0,0,0,1,0,1
1212,Stable,0,0,0,1,1,0,2
1213,Thriving,0,0,0,0,0,0,0
1214,Thriving,0,0,0,1,0,1,2
1215,Thriving,0,0,0,0,0,0,0
1216,Thriving,0,0,0,0,0,0,0
1217,Thriving,0,0,1,1,0,0,2
1218,Thriving,0,0,0,0,0,0,0
1219,Stable,0,0,0,1,1,0,2
1220,Thriving,0,0,0,0,0,0,0
1221,Thriving,0,0,0,1,0,0,1
1222,Thriving,0,0,0,1,1,0,2
1223,Stable,0,0,0,0,1,0,1
1224,Thriving,0,0,0,1,0,0,1
1225,Thriving,0,1,0,0,0,0,1
1226,Thriving,0,0,0,1,0,0,1
1227,Thriving,0,0,0,1,0,0,1
1228,Thriving,0,0,0,0,0,0,0
1229,Thriving,0,0,0,1,0,0,1
1230,Thriving,0,0,0,1,0,0,1
1231,Thriving,0,0,0,0,0,0,0
1232,Thriving,0,0,1,0,1,1,3
1233,Thriving,0,0,0,0,0,0,0
1234,Thriving,0,0,0,0,0,1,1
1235,Stable,0,0,0,0,0,0,0
1236,Thriving,0,1,0,1,0,0,2
1237,Thriving,0,0,0,0,0,0,0
1238,Thriving,0,0,0,0,0,0,0
1239,Thriving,0,0,0,0,1,0,1
1240,Thriving,0,0,0,0,1,0,1
1241,Thriving,0,0,0,1,0,0,1
1242,Thriving,0,0,0,1,0,0,1
1243,Thriving,0,0,1,0,0,0,1
1244,Stable,0,0,0,0,0,0,0
1245,Thriving,0,0,0,1,0,0,1
1246,Stable,0,0,0,0,1,1,2
1247,Thriving,0,0,0,1,0,0,1
1248,Stable,0,0,0,1,0,0,1
1249,Stable,0,0,0,1,0,0,1
1250,Thriving,0,0,1,1,0,1,3
1251,Thriving,0,0,0,0,0,0,0
1252,Thriving,0,0,0,1,0,0,1
1253,At Risk,0,0,0,0,0,0,0
1254,Thriving,0,0,0,1,1,0,2
1255,Thriving,0,0,0,1,0,0,1
1256,Thriving,0,0,0,0,0,0,0
1257,Thriving,0,0,0,1,0,0,1
1258,Thriving,0,0,0,1,1,0,2
1259,Thriving,0,0,0,1,0,0,1
1260,Thriving,0,1,0,0,0,0,1
1261,Thriving,0,0,0,0,0,0,0
1262,Thriving,0,0,0,0,0,0,0
1263,Thriving,0,0,0,0,0,0,0
1264,Thriving,0,0,0,0,0,0,0
1265,Thriving,0,0,0,1,0,0,1
1266,Thriving,0,0,0,1,0,0,1
1267,Thriving,0,0,0,0,1,1,2
1268,Thriving,0,0,0,1,0,0,1
1269,At Risk,0,0,0,0,1,0,1
1270,Thriving,0,0,0,0,0,0,0
1271,Thriving,0,0,0,0,0,0,0
1272,Stable,0,1,0,1,0,0,2
1273,Thriving,0,0,0,0,0,0,0
1274,Thriving,0,0,0,0,0,1,1
1275,Stable,0,0,0,1,0,0,1
1276,Thriving,0,0,0,0,0,1,1
1277,Thriving,0,0,0,0,0,0,0
1278,Thriving,0,0,0,0,0,0,0
1279,Thriving,0,0,0,0,0,0,0
1280,Thriving,0,0,0,1,1,0,2
1281,Stable,0,0,0,1,0,0,1
1282,Thriving,0,0,0,0,0,1,1
1283,Stable,0,0,1,0,0,1,2
1284,Thriving,0,0,0,0,0,0,0
1285,Thriving,0,0,1,1,1,0,3
1286,Stable,0,0,0,1,1,1,3
1287,Stable,0,0,0,0,0,0,0
1288,Stable,0,0,0,0,1,0,1
1289,At Risk,0,0,0,1,0,0,1
1290,Stable,0,0,0,0,0,0,0
1291,Thriving,0,0,0,0,1,0,1
1292,Thriving,0,0,1,0,1,1,3
1293,Thriving,0,0,0,0,1,0,1
1294,Thriving,0,0,0,1,0,0,1
1295,Stable,0,0,0,1,0,0,1
1296,Thriving,0,0,0,1,0,1,2
1297,Thriving,0,0,0,0,0,1,1
1298,Thriving,0,0,0,0,1,0,1
1299,Stable,0,0,0,1,0,0,1
1300,Thriving,0,0,0,0,0,1,1
1301,Thriving,0,0,0,0,1,0,1
1302,Thriving,0,0,0,0,0,1,1
1303,At Risk,0,0,0,1,0,0,1
1304,Stable,0,0,0,0,0,0,0
1305,Thriving,0,0,0,1,0,1,2
1306,Thriving,0,0,0,0,0,1,1
1307,Stable,0,0,0,0,0,0,0
1308,Thriving,0,0,0,0,0,0,0
1309,Thriving,0,0,0,1,0,0,1
1310,Thriving,0,0,0,1,0,0,1
1311,Stable,0,0,0,1,0,0,1
1312,Thriving,0,0,0,0,0,0,0
1313,Thriving,0,0,0,1,0,1,2
1314,Thriving,0,0,0,0,0,0,0
1315,Thriving,0,0,0,1,0,0,1
1316,Thriving,0,0,0,1,1,0,2
1317,Thriving,0,0,0,0,0,0,0
1318,Thriving,0,0,0,0,1,0,1
1319,Thriving,0,0,0,0,0,0,0
1320,Thriving,0,0,0,0,0,0,0
1321,Thriving,0,0,0,0,0,0,0
1322,Stable,0,0,0,0,0,1,1
1323,Stable,0,0,1,0,1,0,2
1324,Thriving,0,0,0,0,1,0,1
1325,Thriving,0,0,0,1,0,0,1
1326,At Risk,0,0,0,0,0,0,0
1327,Thriving,0,0,0,0,0,0,0
1328,Thriving,0,0,0,0,0,1,1
1329,Thriving,0,0,0,1,0,1,2
1330,Thriving,0,0,0,0,1,0,1
1331,Thriving,0,0,0,0,1,0,1
1332,Thriving,0,0,1,0,0,0,1
1333,Stable,0,0,0,0,0,0,0
1334,Thriving,0,0,0,0,0,0,0
1335,Thriving,0,0,0,0,0,0,0
1336,Thriving,0,0,0,1,0,0,1
1337,Thriving,0,0,0,0,0,0,0
1338,Thriving,0,0,0,0,0,0,0
1339,Thriving,0,0,0,0,0,1,1
1340,Thriving,0,0,0,0,0,0,0
1341,Stable,0,0,0,1,0,0,1
1342,Thriving,0,0,0,1,0,1,2
1343,Thriving,0,0,0,0,0,0,0
1344,Thriving,0,0,0,0,0,0,0
1345,Thriving,0,0,0,1,1,0,2
1346,Thriving,0,0,0,1,0,0,1
1347,Stable,0,0,0,0,0,0,0
1348,Thriving,0,0,0,1,0,0,1
1349,Thriving,0,0,0,1,0,0,1
1350,Thriving,0,0,0,1,0,1,2
1351,Thriving,0,0,0,0,0,0,0
1352,Stable,0,0,0,0,1,0,1
1353,Thriving,0,0,0,1,0,0,1
1354,Thriving,0,0,0,0,1,1,2
1355,Thriving,0,0,0,0,0,0,0
1356,Stable,0,0,0,1,0,0,1
1357,Thriving,0,0,0,1,1,0,2
1358,Thriving,0,0,1,0,1,0,2
1359,Thriving,0,0,0,0,0,1,1
1360,Thriving,0,0,0,0,0,0,0
1361,Thriving,0,0,0,1,0,0,1
1362,Stable,0,0,1,1,0,1,3
1363,Stable,0,0,1,1,0,0,2
1364,Thriving,0,0,0,1,0,0,1
1365,Thriving,0,0,0,1,0,1,2
1366,Thriving,0,0,0,0,0,1,1
1367,Thriving,0,0,0,0,1,0,1
1368,Thriving,0,0,0,0,0,1,1
1369,Thriving,0,0,0,0,0,0,0
1370,Stable,0,0,0,1,0,0,1
1371,Thriving,0,0,0,1,0,0,1
1372,Thriving,0,0,0,0,0,0,0
1373,Stable,0,0,0,1,0,0,1
1374,Stable,0,0,0,0,1,0,1
1375,Stable,0,0,1,0,0,1,2
1376,Stable,0,0,0,0,1,0,1
1377,Thriving,0,1,0,1,0,0,2
1378,Thriving,0,0,0,0,0,1,1
1379,At Risk,0,0,0,1,0,0,1
1380,Thriving,0,0,0,0,0,0,0
1381,Thriving,0,0,0,0,0,1,1
1382,Thriving,0,0,0,1,0,0,1
1383,Thriving,0,0,0,0,1,0,1
1384,Thriving,0,0,0,0,0,0,0
1385,Stable,0,0,0,0,0,0,0
1386,Thriving,0,0,0,1,1,1,3
1387,Thriving,0,0,0,0,0,0,0
1388,Thriving,0,0,0,0,1,1,2
1389,Thriving,0,0,0,1,0,0,1
1390,Thriving,0,0,0,0,1,0,1
1391,Thriving,0,0,1,0,0,0,1
1392,Stable,0,0,0,0,0,1,1
1393,Thriving,0,0,0,0,0,0,0
1394,Thriving,0,0,0,0,0,0,0
1395,Thriving,0,0,0,0,0,0,0
1396,Thriving,0,0,0,0,0,0,0
1397,Stable,0,0,0,1,0,0,1
1398,Thriving,0,0,0,0,0,0,0
1399,Thriving,0,0,0,1,0,0,1
1400,Thriving,0,0,0,0,1,0,1
1401,At Risk,0,0,0,1,0,0,1
1402,Thriving,0,0,0,0,0,0,0
1403,Thriving,0,0,0,0,0,0,0
1404,Thriving,0,0,0,0,0,0,0
1405,Thriving,0,0,0,0,0,0,0
1406,Thriving,0,0,1,0,0,0,1
1407,Thriving,0,0,0,0,0,0,0
1408,Thriving,0,0,0,1,0,0,1
1409,Thriving,0,0,0,0,0,0,0
1410,Thriving,0,0,0,1,0,0,1
1411,Thriving,0,0,0,0,0,0,0
1412,Thriving,0,0,0,0,0,0,0
1413,Thriving,0,0,0,0,0,0,0
1414,Thriving,0,0,0,0,0,0,0
1415,Thriving,0,0,0,1,0,0,1
1416,Stable,0,0,0,1,0,1,2
1417,Thriving,0,0,0,0,0,0,0
1418,Thriving,0,0,0,1,0,0,1
1419,Stable,0,0,0,1,0,1,2
1420,Thriving,0,0,0,0,0,1,1
1421,Thriving,0,0,0,0,0,0,0
1422,Thriving,0,0,0,0,0,0,0
1423,Thriving,0,0,0,1,0,0,1
1424,Thriving,0,0,0,1,0,0,1
1425,Stable,0,0,1,0,0,0,1
1426,Stable,0,0,0,1,0,0,1
1427,Thriving,0,0,0,1,0,0,1
1428,Thriving,0,0,0,1,0,0,1
1429,Thriving,0,0,0,1,1,0,2
1430,Thriving,0,0,0,1,0,0,1
1431,Stable,0,0,0,1,0,1,2
1432,Thriving,0,0,0,0,0,0,0
1433,Thriving,0,0,0,1,0,0,1
1434,Stable,0,0,0,0,0,1,1
1435,Thriving,0,0,0,1,0,0,1
1436,Thriving,0,0,0,0,0,0,0
1437,Stable,0,0,0,1,0,0,1
1438,Thriving,0,0,0,0,0,0,0
1439,Thriving,0,0,0,1,0,0,1
1440,Stable,0,0,0,1,1,1,3
1441,Thriving,0,0,0,1,0,0,1
1442,Thriving,0,0,0,1,0,1,2
1443,Thriving,0,0,0,1,0,0,1
1444,Thriving,0,0,0,1,0,1,2
1445,Thriving,0,0,0,1,0,0,1
1446,Thriving,0,0,0,1,0,0,1
1447,Thriving,0,0,0,0,0,0,0
1448,Stable,0,0,0,1,0,1,2
1449,Stable,0,0,0,1,1,0,2
1450,Thriving,0,0,0,1,0,0,1
1451,Thriving,0,0,0,0,1,0,1
1452,Thriving,0,0,0,1,0,1,2
1453,At Risk,0,0,0,0,0,1,1
1454,Thriving,1,0,0,0,0,0,1
1455,Stable,0,0,1,0,0,0,1
1456,At Risk,0,0,0,0,0,0,0
1457,Thriving,0,0,0,0,0,0,0
1458,Thriving,0,0,0,0,0,0,0
1459,Thriving,0,0,0,1,0,0,1
1460,Thriving,0,0,0,1,0,0,1
1461,Thriving,0,0,0,0,0,0,0
1462,Thriving,0,0,0,0,0,1,1
1463,Thriving,0,0,0,1,1,1,3
1464,Thriving,0,0,0,0,0,0,0
1465,Thriving,0,0,0,0,0,0,0
1466,Stable,0,0,0,0,0,0,0
1467,Thriving,0,0,0,1,0,1,2
1468,Thriving,0,0,0,1,0,0,1
1469,Thriving,0,0,0,1,0,0,1
1470,Thriving,0,0,0,0,1,0,1
1471,Thriving,0,0,0,1,0,0,1
1472,Thriving,0,0,0,0,0,0,0
1473,Thriving,0,0,0,0,1,0,1
1474,Thriving,0,0,0,1,0,0,1
1475,Stable,0,0,0,0,0,0,0
1476,Stable,0,0,0,0,1,0,1
1477,Thriving,0,0,0,0,0,0,0
1478,Thriving,0,0,1,0,0,0,1
1479,Thriving,0,0,0,0,1,0,1
1480,Thriving,0,0,0,0,1,0,1
1481,Thriving,0,0,0,0,1,0,1
1482,Thriving,0,0,1,1,0,1,3
1483,Thriving,0,0,0,0,0,0,0
1484,Thriving,0,0,0,0,1,0,1
1485,Stable,0,0,0,1,1,1,3
1486,Thriving,0,0,0,1,0,0,1
1487,Thriving,0,0,0,0,0,1,1
1488,Stable,0,0,0,0,0,0,0
1489,Thriving,0,0,0,1,1,0,2
1490,Thriving,0,0,1,0,0,0,1
1491,Thriving,0,0,0,1,1,1,3
1492,Thriving,0,0,0,1,0,0,1
1493,Thriving,0,0,0,1,1,0,2
1494,Thriving,0,1,0,0,0,0,1
1495,Stable,0,0,0,0,1,0,1
1496,Thriving,0,0,0,0,0,1,1
1497,Thriving,0,0,0,0,0,1,1
1498,Thriving,0,0,0,0,0,0,0
1499,Thriving,0,0,0,0,1,0,1
1500,Thriving,0,0,0,0,0,0,0
1501,Thriving,0,0,0,1,0,0,1
1502,Thriving,0,0,0,0,0,0,0
1503,Thriving,0,0,0,1,0,0,1
1504,Thriving,0,0,0,0,0,0,0
1505,Thriving,0,0,0,0,0,0,0
1506,Stable,0,0,0,0,0,1,1
1507,Thriving,0,0,0,0,0,1,1
1508,Stable,0,0,0,1,0,0,1
1509,Thriving,0,0,0,1,0,0,1
1510,Thriving,0,0,0,0,0,1,1
1511,Thriving,0,0,0,1,0,0,1
1512,Stable,0,0,0,0,0,0,0
1513,Thriving,0,0,0,1,0,1,2
1514,Stable,0,0,1,0,0,0,1
1515,Stable,0,0,0,0,0,1,1
1516,Thriving,0,0,0,1,0,0,1
1517,Thriving,0,0,0,0,0,1,1
1518,Stable,0,0,0,1,0,0,1
1519,Thriving,0,0,0,1,0,0,1
1520,Thriving,0,0,1,1,0,0,2
1521,Thriving,0,0,0,1,1,0,2
1522,Thriving,0,0,1,1,0,0,2
1523,Thriving,0,0,0,1,0,0,1
1524,Thriving,0,0,0,0,1,0,1
1525,Stable,0,0,0,1,0,1,2
1526,Thriving,0,0,0,1,0,0,1
1527,Thriving,0,0,0,1,0,0,1
1528,Thriving,0,0,0,0,0,1,1
1529,Thriving,0,0,1,1,1,0,3
1530,Thriving,0,0,0,0,0,0,0
1531,Thriving,0,0,0,0,0,0,0
1532,Stable,0,0,0,0,0,0,0
1533,Thriving,0,0,0,0,0,0,0
1534,Thriving,0,0,0,1,0,0,1
1535,Thriving,0,0,0,1,0,1,2
1536,Stable,0,1,0,1,0,0,2
1537,Thriving,0,0,0,0,1,0,1
1538,Thriving,0,0,0,0,0,1,1
1539,Stable,0,0,0,0,1,0,1
1540,Stable,0,0,0,0,0,0,0
1541,Thriving,0,0,0,0,1,1,2
1542,Thriving,0,0,0,0,1,0,1
1543,Thriving,0,0,0,1,0,0,1
1544,Thriving,0,0,0,1,1,1,3
1545,Stable,0,0,0,1,0,0,1
1546,Thriving,0,0,0,0,1,0,1
1547,Thriving,0,1,0,0,1,0,2
1548,Thriving,0,0,0,1,0,0,1
1549,Thriving,0,0,0,0,0,0,0
1550,Thriving,0,0,0,0,0,0,0
1551,Thriving,0,0,0,0,0,0,0
1552,Thriving,0,0,1,1,0,0,2
1553,Stable,0,0,0,0,0,0,0
1554,Thriving,0,0,0,0,0,0,0
1555,Thriving,0,0,1,0,0,0,1
1556,Stable,0,0,0,0,1,1,2
1557,Thriving,0,0,0,1,0,0,1
1558,Thriving,0,0,0,0,0,0,0
1559,Stable,0,0,0,1,1,0,2
1560,Thriving,0,0,0,0,0,1,1
1561,Thriving,0,0,0,0,0,1,1
1562,Stable,0,0,0,1,1,0,2
1563,Stable,0,0,1,1,0,0,2
1564,Stable,0,0,0,0,0,0,0
1565,Thriving,0,0,0,0,0,0,0
1566,Stable,0,0,0,1,1,0,2
1567,Thriving,0,0,0,0,0,0,0
1568,Thriving,0,0,0,0,0,0,0
1569,Stable,0,0,0,1,0,0,1
1570,Stable,0,0,0,0,0,0,0
1571,Thriving,0,0,0,1,0,0,1
1572,Thriving,0,0,0,1,0,0,1
1573,Thriving,0,0,0,1,1,0,2
1574,Stable,0,0,0,0,1,0,1
1575,Thriving,0,0,0,0,0,0,0
1576,Stable,0,0,0,1,1,0,2
1577,Stable,0,0,0,0,0,0,0
1578,Thriving,0,0,0,1,0,1,2
1579,Thriving,0,0,0,0,0,1,1
1580,Stable,0,0,0,1,0,1,2
1581,Thriving,0,0,0,0,0,0,0
1582,Thriving,0,0,0,0,0,0,0
1583,Thriving,0,0,0,1,0,0,1
1584,Thriving,0,0,0,0,0,0,0
1585,Thriving,0,0,0,0,1,1,2
1586,Thriving,0,0,0,1,0,0,1
1587,Thriving,0,0,0,1,0,0,1
1588,Thriving,0,0,0,0,0,0,0
1589,Thriving,0,0,0,0,0,0,0
1590,Stable,0,0,0,0,0,0,0
1591,Stable,0,0,0,1,0,0,1
1592,Stable,0,0,0,0,1,0,1
1593,Thriving,0,0,0,0,0,0,0
1594,Thriving,0,0,1,0,0,0,1
1595,Stable,0,0,0,0,0,0,0
1596,Thriving,0,0,0,0,0,1,1
1597,Thriving,0,0,0,0,0,0,0
1598,Thriving,0,0,0,1,0,0,1
1599,Thriving,0,0,0,0,1,0,1
1600,Thriving,0,0,0,0,1,0,1
1601,At Risk,0,0,0,1,1,0,2
1602,Thriving,0,0,0,0,0,0,0
1603,Thriving,0,0,0,1,0,0,1
1604,Thriving,0,0,0,0,0,0,0
1605,Thriving,0,0,0,0,0,1,1
1606,At Risk,0,0,0,0,0,0,0
1607,Thriving,0,0,0,0,1,0,1
1608,Thriving,0,0,0,0,0,0,0
1609,Thriving,0,0,0,1,1,1,3
1610,Thriving,0,0,0,1,1,0,2
1611,Thriving,0,0,0,1,0,0,1
1612,Thriving,0,0,0,0,0,0,0
1613,Thriving,0,0,0,0,0,1,1
1614,Thriving,0,0,0,1,0,0,1
1615,Thriving,0,0,0,0,0,0,0
1616,Thriving,0,0,0,0,1,0,1
1617,Stable,0,0,0,0,0,1,1
1618,Stable,0,0,0,1,1,0,2
1619,Thriving,0,0,0,0,0,0,0
1620,Thriving,0,0,0,0,0,1,1
1621,Stable,0,0,0,0,0,0,0
1622,Thriving,0,0,0,0,0,1,1
1623,Thriving,0,0,1,0,0,0,1
1624,Thriving,0,0,0,1,0,1,2
1625,Thriving,0,0,0,0,0,0,0
1626,Thriving,0,0,0,0,1,0,1
1627,Thriving,0,0,0,0,0,0,0
1628,Thriving,0,0,0,1,0,0,1
1629,Stable,0,0,1,1,0,0,2
1630,Thriving,0,0,0,1,0,0,1
1631,Thriving,0,0,0,0,0,1,1
1632,Thriving,0,0,0,1,0,0,1
1633,Thriving,0,0,0,0,0,0,0
1634,Thriving,0,0,0,0,0,1,1
1635,Thriving,0,0,0,0,0,0,0
1636,Stable,0,0,0,1,0,0,1
1637,Thriving,0,1,0,0,0,0,1
1638,Thriving,0,0,0,0,0,0,0
1639,Thriving,0,0,0,0,1,0,1
1640,Thriving,0,0,0,0,0,0,0
1641,At Risk,0,0,0,0,0,0,0
1642,Thriving,0,0,0,1,0,0,1
1643,Stable,0,0,0,0,1,0,1
1644,Thriving,0,0,0,0,0,1,1
1645,Thriving,0,0,0,0,0,1,1
1646,Thriving,0,0,0,0,0,0,0
1647,Thriving,0,0,0,0,0,0,0
1648,Stable,0,0,0,1,0,0,1
1649,Thriving,0,0,0,0,0,0,0
1650,Thriving,0,0,0,0,0,0,0
1651,Thriving,0,0,0,0,0,0,0
1652,Thriving,0,0,0,1,0,0,1
1653,Thriving,0,0,0,0,0,0,0
1654,Thriving,0,0,0,1,0,0,1
1655,Stable,0,0,0,0,0,0,0
1656,Thriving,0,0,0,1,1,0,2
1657,Thriving,0,0,0,1,0,0,1
1658,Thriving,0,0,1,0,0,0,1
1659,Thriving,0,0,0,0,1,0,1
1660,Thriving,0,0,0,0,1,1,2
1661,Thriving,0,0,0,0,0,0,0
1662,Thriving,0,0,0,1,0,1,2
1663,Stable,0,0,0,0,0,1,1
1664,Thriving,0,0,0,0,1,0,1
1665,Thriving,0,0,0,0,0,0,0
1666,Thriving,0,0,0,0,0,0,0
1667,Thriving,0,0,0,1,0,0,1
1668,Thriving,0,0,0,1,0,1,2
1669,Thriving,0,0,0,1,0,0,1
1670,Thriving,0,0,0,1,0,0,1
1671,Stable,0,1,0,0,0,0,1
1672,Thriving,0,0,0,0,0,0,0
1673,Thriving,0,0,0,1,0,0,1
1674,Stable,0,1,0,1,1,1,4
1675,Thriving,0,0,0,0,0,0,0
1676,Thriving,0,0,0,0,0,0,0
1677,Thriving,0,0,0,1,1,0,2
1678,Stable,1,0,0,1,0,0,2
1679,Thriving,0,0,0,1,1,0,2
1680,Thriving,0,0,0,1,1,1,3
1681,Thriving,0,0,0,0,0,0,0
1682,Stable,0,0,0,0,0,0,0
1683,Thriving,0,0,0,0,0,0,0
1684,Stable,0,0,0,0,0,0,0
1685,Thriving,0,0,0,0,0,0,0
1686,Thriving,0,0,0,1,1,0,2
1687,Thriving,0,0,0,0,0,0,0
1688,Thriving,0,0,0,0,0,1,1
1689,Thriving,0,0,0,0,0,0,0
1690,Stable,0,0,0,0,0,0,0
1691,Thriving,0,0,0,0,0,0,0
1692,Thriving,0,0,0,1,1,0,2
1693,Thriving,0,0,0,0,0,1,1
1694,Thriving,0,0,0,0,0,0,0
1695,Thriving,0,0,0,1,0,0,1
1696,Thriving,0,0,0,0,1,1,2
1697,Thriving,0,0,0,1,0,0,1
1698,Thriving,0,0,0,1,0,0,1
1699,Stable,0,0,0,0,0,0,0
1700,Stable,0,0,0,0,1,0,1
1701,Thriving,0,0,0,0,1,1,2
1702,Stable,0,0,0,1,1,0,2
1703,Thriving,0,0,0,0,0,0,0
1704,Stable,0,0,0,1,0,0,1
1705,Thriving,0,0,0,0,1,0,1
1706,Thriving,0,0,0,1,0,0,1
1707,Stable,0,0,0,1,0,0,1
1708,Thriving,0,0,0,1,1,0,2
1709,Thriving,0,0,0,0,0,0,0
1710,Stable,0,0,0,0,1,0,1
1711,Thriving,0,0,1,0,0,0,1
1712,Thriving,0,0,0,1,0,0,1
1713,Stable,0,0,0,1,0,0,1
1714,Stable,0,0,1,0,0,0,1
1715,Thriving,0,0,0,1,0,1,2
1716,Thriving,0,0,0,0,0,0,0
1717,Thriving,0,0,0,1,1,0,2
1718,Thriving,0,0,0,1,0,0,1
1719,Thriving,0,0,0,0,0,0,0
1720,Thriving,0,0,0,0,0,0,0
1721,Stable,0,0,0,1,0,1,2
1722,Thriving,0,0,0,0,0,0,0
1723,Thriving,0,0,1,0,1,0,2
1724,Stable,0,0,1,1,0,0,2
1725,Stable,0,0,0,0,1,0,1
1726,Thriving,0,0,0,0,1,0,1
1727,Thriving,0,0,0,0,1,0,1
1728,Thriving,0,0,0,1,0,0,1
1729,Thriving,0,0,0,0,0,0,0
1730,Stable,0,0,1,1,1,0,3
1731,Thriving,0,0,0,0,0,0,0
1732,Thriving,0,0,0,0,0,0,0
1733,Thriving,0,0,1,1,0,0,2
1734,Thriving,0,0,0,0,1,0,1
1735,Stable,0,0,0,1,0,0,1
1736,Thriving,0,0,0,1,0,1,2
1737,Thriving,0,0,0,0,0,1,1
1738,Stable,0,0,0,1,1,0,2
1739,Thriving,0,0,0,1,1,0,2
1740,Thriving,0,0,0,0,0,0,0
1741,Thriving,0,0,0,0,1,0,1
1742,Thriving,0,0,0,1,0,0,1
1743,Stable,0,0,0,1,0,0,1
1744,Thriving,0,0,0,1,0,1,2
1745,Thriving,0,0,0,1,0,0,1
1746,Thriving,0,0,0,0,0,0,0
1747,Stable,0,0,1,0,1,0,2
1748,Thriving,0,0,0,0,0,0,0
1749,Thriving,0,0,0,0,0,0,0
1750,Stable,0,0,1,0,0,0,1
1751,Stable,0,0,0,0,0,0,0
1752,Thriving,0,0,0,1,1,1,3
1753,Stable,0,0,0,0,1,0,1
1754,Stable,0,0,0,0,0,0,0
1755,Thriving,0,0,0,0,0,0,0
1756,Thriving,0,0,1,1,0,0,2
1757,Thriving,0,0,0,1,0,1,2
1758,Thriving,0,0,0,0,0,0,0
1759,Thriving,0,0,0,0,0,0,0
1760,Thriving,0,0,0,0,0,0,0
1761,Thriving,0,0,0,0,0,0,0
1762,Thriving,0,0,0,1,1,1,3
1763,Stable,0,0,0,1,1,0,2
1764,Thriving,0,0,0,0,0,0,0
1765,Stable,0,0,0,1,0,1,2
1766,Thriving,0,0,0,0,0,0,0
1767,Thriving,0,0,0,0,0,0,0
1768,Thriving,0,0,0,0,0,0,0
1769,Stable,0,0,0,1,1,1,3
1770,Thriving,0,0,0,0,0,0,0
1771,Thriving,0,0,0,0,0,0,0
1772,Stable,0,0,0,1,1,0,2
1773,Thriving,0,0,0,1,0,0,1
1774,Thriving,0,0,0,1,0,0,1
1775,Thriving,0,0,1,0,0,0,1
1776,Thriving,0,0,0,0,0,1,1
1777,Stable,0,0,1,0,0,0,1
1778,Stable,0,0,0,1,0,0,1
1779,Thriving,0,0,1,0,0,0,1
1780,Thriving,0,0,0,1,0,0,1
1781,Thriving,0,0,0,1,0,0,1
1782,Stable,0,0,0,0,0,1,1
1783,Thriving,0,0,0,0,1,0,1
1784,Thriving,0,1,0,0,0,1,2
1785,Thriving,0,0,0,0,0,0,0
1786,Thriving,0,0,0,0,0,1,1
1787,At Risk,0,0,0,1,1,0,2
1788,Thriving,0,0,0,0,0,0,0
1789,Thriving,0,0,0,0,0,0,0
1790,Thriving,0,0,0,0,1,0,1
1791,Stable,0,0,0,0,0,1,1
1792,Thriving,0,0,0,1,0,0,1
1793,Stable,0,0,0,0,0,0,0
1794,Thriving,0,0,0,0,0,0,0
1795,Thriving,0,0,0,0,0,1,1
1796,Stable,0,0,0,1,1,0,2
1797,Stable,0,1,0,1,1,0,3
1798,At Risk,0,0,0,1,0,1,2
1799,Thriving,0,0,0,1,1,1,3
1800,Thriving,0,0,0,1,0,0,1
1801,Thriving,0,0,0,1,0,0,1
1802,Stable,0,0,1,0,0,0,1
1803,At Risk,0,0,0,1,1,0,2
1804,Thriving,0,0,0,0,0,1,1
1805,Stable,0,0,0,0,1,1,2
1806,At Risk,0,0,0,0,1,0,1
1807,Thriving,0,0,0,0,1,0,1
1808,Thriving,0,0,1,1,0,0,2
1809,Thriving,0,1,0,0,0,1,2
1810,Thriving,0,0,0,0,0,0,0
1811,Stable,0,0,0,1,0,0,1
1812,Thriving,0,0,0,0,1,0,1
1813,Thriving,0,0,0,0,0,1,1
1814,Stable,0,0,0,0,0,0,0
1815,Thriving,0,0,0,0,0,1,1
1816,Thriving,0,0,1,0,0,0,1
1817,Stable,0,0,0,1,1,0,2
1818,Stable,0,0,0,1,1,0,2
1819,Thriving,0,0,0,0,1,1,2
1820,Thriving,0,0,0,1,0,0,1
1821,Thriving,0,0,0,0,1,0,1
1822,Thriving,0,0,0,1,0,0,1
1823,Stable,0,0,0,1,0,0,1
1824,Thriving,0,0,0,1,1,0,2
1825,Thriving,0,0,0,0,0,0,0
1826,Thriving,0,0,0,1,0,0,1
1827,Stable,0,0,0,0,0,0,0
1828,Thriving,0,0,0,1,0,0,1
1829,Thriving,0,0,0,0,0,1,1
1830,Thriving,0,0,0,0,0,0,0
1831,Stable,0,0,0,1,0,0,1
1832,Thriving,0,0,0,0,0,0,0
1833,Thriving,0,0,0,1,0,0,1
1834,Stable,0,0,0,0,0,0,0
1835,Thriving,0,0,0,1,0,0,1
1836,Thriving,0,0,0,0,0,0,0
1837,Thriving,0,0,0,0,0,0,0
1838,Thriving,0,0,0,0,0,0,0
1839,Stable,0,0,0,1,0,0,1
1840,Thriving,0,0,0,1,0,0,1
1841,Stable,0,0,0,0,0,0,0
1842,Stable,0,0,0,0,1,0,1
1843,Thriving,0,0,0,0,0,0,0
1844,At Risk,0,0,0,1,1,0,2
1845,Thriving,0,0,0,0,1,0,1
1846,Stable,0,0,0,1,1,0,2
1847,Thriving,0,1,0,0,0,0,1
1848,Stable,0,0,0,0,0,0,0
1849,Thriving,0,0,0,0,0,0,0
1850,Thriving,0,0,1,0,1,1,3
1851,Thriving,0,0,0,0,0,0,0
1852,Thriving,0,0,0,1,0,0,1
1853,Thriving,0,0,0,0,0,0,0
1854,Thriving,0,0,0,0,1,0,1
1855,Thriving,0,0,0,0,0,0,0
1856,Thriving,0,0,0,0,0,0,0
1857,Thriving,0,0,0,1,0,0,1
1858,Stable,0,0,0,0,1,0,1
1859,Thriving,0,0,0,0,1,0,1
1860,Stable,0,0,0,0,0,0,0
1861,Thriving,0,0,0,0,0,0,0
1862,Thriving,0,0,0,1,0,1,2
1863,Stable,0,0,0,1,1,0,2
1864,Stable,0,0,0,0,1,1,2
1865,Thriving,0,0,0,0,0,0,0
1866,Thriving,0,0,0,1,0,1,2
1867,Thriving,0,0,0,1,0,0,1
1868,Thriving,0,0,0,1,0,0,1
1869,Stable,0,0,0,0,0,0,0
1870,Thriving,0,0,0,0,0,0,0
1871,Critical,0,0,0,1,0,0,1
1872,Thriving,0,0,0,1,0,0,1
1873,Stable,0,0,0,1,0,0,1
1874,Stable,0,0,1,1,1,0,3
1875,Thriving,0,0,0,0,0,0,0
1876,Thriving,0,0,0,1,1,0,2
1877,Thriving,0,0,0,1,0,1,2
1878,Thriving,0,0,0,0,0,0,0
1879,Stable,0,0,1,0,0,1,2
1880,Thriving,0,0,0,0,1,1,2
1881,Stable,0,0,0,0,0,0,0
1882,Thriving,0,0,0,1,0,0,1
1883,Critical,0,0,1,1,1,1,4
1884,Thriving,0,0,0,0,0,0,0
1885,Thriving,0,0,0,0,0,1,1
1886,Thriving,0,0,0,0,0,0,0
1887,Thriving,0,0,1,0,0,0,1
1888,Stable,0,0,0,1,1,0,2
1889,Thriving,0,0,0,0,0,0,0
1890,Stable,0,0,0,0,1,0,1
1891,Thriving,0,0,0,1,0,0,1
1892,Thriving,0,0,0,1,0,0,1
1893,Thriving,0,0,0,0,0,0,0
1894,Thriving,0,0,1,1,0,0,2
1895,Thriving,0,0,0,0,0,0,0
1896,Thriving,0,0,0,0,1,1,2
1897,Thriving,0,0,0,0,0,1,1
1898,Thriving,0,0,0,0,0,1,1
1899,Thriving,0,0,0,1,0,0,1
1900,Thriving,0,0,0,0,0,0,0
1901,Stable,0,0,0,0,0,1,1
1902,Thriving,0,0,0,1,0,0,1
1903,Thriving,0,0,0,0,0,0,0
1904,Thriving,0,0,0,0,0,0,0
1905,Thriving,0,0,0,0,1,1,2
1906,Thriving,0,0,0,1,0,0,1
1907,Thriving,0,0,0,0,0,0,0
1908,Thriving,0,0,0,1,1,1,3
1909,Stable,0,0,0,0,1,0,1
1910,Thriving,0,0,0,1,1,1,3
1911,Thriving,0,0,0,0,1,0,1
1912,Thriving,0,0,0,0,1,0,1
1913,Thriving,0,0,0,1,1,0,2
1914,Thriving,0,0,0,1,0,0,1
1915,At Risk,0,0,1,0,0,0,1
1916,Stable,0,0,0,1,0,0,1
1917,Thriving,0,0,0,0,0,0,0
1918,Stable,0,0,0,1,0,0,1
1919,Thriving,0,0,0,1,0,0,1
1920,Thriving,0,0,0,0,0,0,0
1921,Stable,0,0,0,1,0,0,1
1922,Thriving,0,0,0,0,0,0,0
1923,Thriving,0,0,0,0,0,0,0
1924,Thriving,0,0,1,0,1,1,3
1925,Thriving,0,0,0,0,1,0,1
1926,Thriving,0,0,0,0,0,0,0
1927,Stable,0,0,0,1,0,1,2
1928,Stable,0,0,0,1,0,1,2
1929,Stable,0,0,0,0,1,0,1
1930,Thriving,0,0,0,0,0,0,0
1931,Thriving,0,0,0,1,0,0,1
1932,Thriving,0,0,0,1,0,0,1
1933,Thriving,0,0,0,0,0,0,0
1934,Thriving,0,0,0,0,0,0,0
1935,Thriving,0,0,0,0,0,1,1
1936,At Risk,0,0,0,1,0,0,1
1937,Thriving,0,0,0,0,0,0,0
1938,Stable,0,0,0,1,1,0,2
1939,Thriving,0,0,0,0,0,0,0
1940,Stable,0,1,0,0,0,0,1
1941,Thriving,0,0,0,0,0,0,0
1942,Thriving,0,0,0,0,0,1,1
1943,Thriving,0,0,0,0,1,1,2
1944,Stable,0,0,1,0,0,0,1
1945,Thriving,0,0,0,0,0,1,1
1946,Thriving,0,0,0,1,0,0,1
1947,Thriving,0,0,0,1,0,1,2
1948,At Risk,0,0,0,1,0,0,1
1949,Thriving,0,0,0,0,1,0,1
1950,Thriving,0,0,0,0,1,0,1
1951,Thriving,0,0,0,1,0,0,1
1952,Stable,0,0,0,0,1,0,1
1953,Thriving,0,0,0,0,0,0,0
1954,Thriving,0,0,0,0,1,0,1
1955,Stable,0,0,0,0,1,0,1
1956,Thriving,0,0,0,0,1,0,1
1957,At Risk,0,0,0,0,0,0,0
1958,Thriving,1,0,0,1,0,0,2
1959,Thriving,0,0,0,0,0,0,0
1960,Thriving,0,1,0,0,0,0,1
1961,Thriving,0,0,0,0,1,0,1
1962,Thriving,0,1,0,0,0,0,1
1963,Stable,0,0,0,1,1,1,3
1964,Thriving,0,0,0,1,0,0,1
1965,Thriving,0,0,0,1,0,0,1
1966,Thriving,0,0,0,0,0,1,1
1967,Thriving,0,0,0,0,1,1,2
1968,Thriving,0,0,1,0,0,0,1
1969,Stable,0,0,0,0,0,1,1
1970,Thriving,0,0,0,0,0,0,0
1971,Thriving,0,0,0,1,1,0,2
1972,Stable,0,0,0,0,0,0,0
1973,Stable,0,0,0,1,1,0,2
1974,Thriving,0,0,0,0,0,0,0
1975,Stable,0,0,0,0,0,0,0
1976,Stable,0,0,0,0,1,0,1
1977,Stable,0,0,0,1,0,0,1
1978,Thriving,0,0,0,0,0,0,0
1979,Stable,0,0,0,1,1,0,2
1980,Thriving,0,0,0,0,0,1,1
1981,Thriving,0,0,0,0,0,0,0
1982,Thriving,0,0,0,0,0,1,1
1983,Thriving,0,0,0,1,0,0,1
1984,Thriving,0,0,0,0,0,0,0
1985,Thriving,0,0,0,1,0,1,2
1986,Thriving,0,0,1,0,0,0,1
1987,Thriving,0,0,0,0,0,1,1
1988,Thriving,0,0,0,0,0,0,0
1989,Stable,0,0,0,0,1,1,2
1990,Thriving,0,0,0,0,0,0,0
1991,Thriving,0,0,1,0,0,1,2
1992,Stable,0,0,0,0,0,0,0
1993,Thriving,0,0,1,0,0,0,1
1994,Stable,0,0,0,0,0,1,1
1995,Thriving,0,0,1,0,0,1,2
1996,Stable,0,0,0,1,1,0,2
1997,Thriving,0,0,1,0,0,0,1
1998,Stable,0,0,0,0,0,0,0
1999,Thriving,0,0,0,0,0,0,0
2000,Thriving,0,0,0,0,0,1,1
